stat,name
0,TR_1.eml
1,TR_2.eml
0,TR_3.eml
0,TR_4.eml
1,TR_5.eml
1,TR_6.eml
1,TR_7.eml
1,TR_8.eml
1,TR_9.eml
1,TR_10.eml
0,TR_11.eml
1,TR_12.eml
0,TR_13.eml
0,TR_14.eml
0,TR_15.eml
1,TR_16.eml
1,TR_17.eml
1,TR_18.eml
1,TR_19.eml
1,TR_20.eml
0,TR_21.eml
0,TR_22.eml
1,TR_23.eml
0,TR_24.eml
1,TR_25.eml
1,TR_26.eml
0,TR_27.eml
1,TR_28.eml
1,TR_29.eml
1,TR_30.eml
0,TR_31.eml
1,TR_32.eml
0,TR_33.eml
1,TR_34.eml
1,TR_35.eml
1,TR_36.eml
1,TR_37.eml
0,TR_38.eml
1,TR_39.eml
0,TR_40.eml
0,TR_41.eml
0,TR_42.eml
1,TR_43.eml
0,TR_44.eml
1,TR_45.eml
1,TR_46.eml
1,TR_47.eml
1,TR_48.eml
1,TR_49.eml
0,TR_50.eml
1,TR_51.eml
1,TR_52.eml
1,TR_53.eml
0,TR_54.eml
1,TR_55.eml
1,TR_56.eml
1,TR_57.eml
1,TR_58.eml
0,TR_59.eml
0,TR_60.eml
1,TR_61.eml
1,TR_62.eml
1,TR_63.eml
1,TR_64.eml
0,TR_65.eml
1,TR_66.eml
0,TR_67.eml
0,TR_68.eml
1,TR_69.eml
1,TR_70.eml
1,TR_71.eml
0,TR_72.eml
0,TR_73.eml
1,TR_74.eml
0,TR_75.eml
0,TR_76.eml
1,TR_77.eml
1,TR_78.eml
1,TR_79.eml
0,TR_80.eml
1,TR_81.eml
0,TR_82.eml
1,TR_83.eml
1,TR_84.eml
1,TR_85.eml
1,TR_86.eml
1,TR_87.eml
1,TR_88.eml
1,TR_89.eml
1,TR_90.eml
1,TR_91.eml
0,TR_92.eml
0,TR_93.eml
1,TR_94.eml
1,TR_95.eml
1,TR_96.eml
0,TR_97.eml
1,TR_98.eml
0,TR_99.eml
0,TR_100.eml
1,TR_101.eml
1,TR_102.eml
1,TR_103.eml
0,TR_104.eml
0,TR_105.eml
1,TR_106.eml
0,TR_107.eml
0,TR_108.eml
1,TR_109.eml
0,TR_110.eml
1,TR_111.eml
1,TR_112.eml
1,TR_113.eml
0,TR_114.eml
1,TR_115.eml
0,TR_116.eml
1,TR_117.eml
1,TR_118.eml
1,TR_119.eml
0,TR_120.eml
0,TR_121.eml
0,TR_122.eml
0,TR_123.eml
0,TR_124.eml
1,TR_125.eml
1,TR_126.eml
1,TR_127.eml
1,TR_128.eml
1,TR_129.eml
1,TR_130.eml
1,TR_131.eml
0,TR_132.eml
1,TR_133.eml
1,TR_134.eml
1,TR_135.eml
1,TR_136.eml
0,TR_137.eml
1,TR_138.eml
1,TR_139.eml
1,TR_140.eml
1,TR_141.eml
0,TR_142.eml
1,TR_143.eml
0,TR_144.eml
1,TR_145.eml
0,TR_146.eml
1,TR_147.eml
1,TR_148.eml
1,TR_149.eml
1,TR_150.eml
0,TR_151.eml
1,TR_152.eml
0,TR_153.eml
1,TR_154.eml
0,TR_155.eml
1,TR_156.eml
1,TR_157.eml
1,TR_158.eml
1,TR_159.eml
1,TR_160.eml
1,TR_161.eml
1,TR_162.eml
0,TR_163.eml
1,TR_164.eml
1,TR_165.eml
0,TR_166.eml
1,TR_167.eml
1,TR_168.eml
1,TR_169.eml
0,TR_170.eml
1,TR_171.eml
1,TR_172.eml
1,TR_173.eml
1,TR_174.eml
1,TR_175.eml
0,TR_176.eml
1,TR_177.eml
1,TR_178.eml
1,TR_179.eml
1,TR_180.eml
1,TR_181.eml
1,TR_182.eml
1,TR_183.eml
1,TR_184.eml
1,TR_185.eml
1,TR_186.eml
0,TR_187.eml
0,TR_188.eml
1,TR_189.eml
0,TR_190.eml
1,TR_191.eml
1,TR_192.eml
0,TR_193.eml
0,TR_194.eml
1,TR_195.eml
1,TR_196.eml
1,TR_197.eml
0,TR_198.eml
0,TR_199.eml
0,TR_200.eml
0,TR_201.eml
0,TR_202.eml
1,TR_203.eml
1,TR_204.eml
1,TR_205.eml
1,TR_206.eml
1,TR_207.eml
0,TR_208.eml
1,TR_209.eml
1,TR_210.eml
1,TR_211.eml
1,TR_212.eml
0,TR_213.eml
1,TR_214.eml
0,TR_215.eml
0,TR_216.eml
0,TR_217.eml
0,TR_218.eml
1,TR_219.eml
0,TR_220.eml
0,TR_221.eml
1,TR_222.eml
0,TR_223.eml
0,TR_224.eml
1,TR_225.eml
0,TR_226.eml
0,TR_227.eml
1,TR_228.eml
1,TR_229.eml
0,TR_230.eml
0,TR_231.eml
1,TR_232.eml
1,TR_233.eml
1,TR_234.eml
0,TR_235.eml
1,TR_236.eml
1,TR_237.eml
1,TR_238.eml
1,TR_239.eml
1,TR_240.eml
1,TR_241.eml
0,TR_242.eml
1,TR_243.eml
1,TR_244.eml
1,TR_245.eml
1,TR_246.eml
1,TR_247.eml
0,TR_248.eml
1,TR_249.eml
1,TR_250.eml
1,TR_251.eml
1,TR_252.eml
1,TR_253.eml
0,TR_254.eml
0,TR_255.eml
1,TR_256.eml
0,TR_257.eml
0,TR_258.eml
1,TR_259.eml
0,TR_260.eml
1,TR_261.eml
1,TR_262.eml
1,TR_263.eml
1,TR_264.eml
0,TR_265.eml
1,TR_266.eml
0,TR_267.eml
1,TR_268.eml
1,TR_269.eml
1,TR_270.eml
1,TR_271.eml
1,TR_272.eml
0,TR_273.eml
1,TR_274.eml
1,TR_275.eml
1,TR_276.eml
1,TR_277.eml
0,TR_278.eml
1,TR_279.eml
1,TR_280.eml
0,TR_281.eml
0,TR_282.eml
1,TR_283.eml
1,TR_284.eml
0,TR_285.eml
0,TR_286.eml
0,TR_287.eml
0,TR_288.eml
0,TR_289.eml
1,TR_290.eml
0,TR_291.eml
1,TR_292.eml
1,TR_293.eml
1,TR_294.eml
0,TR_295.eml
1,TR_296.eml
1,TR_297.eml
0,TR_298.eml
1,TR_299.eml
1,TR_300.eml
1,TR_301.eml
1,TR_302.eml
0,TR_303.eml
1,TR_304.eml
1,TR_305.eml
0,TR_306.eml
1,TR_307.eml
0,TR_308.eml
0,TR_309.eml
0,TR_310.eml
1,TR_311.eml
0,TR_312.eml
1,TR_313.eml
0,TR_314.eml
0,TR_315.eml
1,TR_316.eml
1,TR_317.eml
0,TR_318.eml
0,TR_319.eml
1,TR_320.eml
0,TR_321.eml
0,TR_322.eml
1,TR_323.eml
0,TR_324.eml
1,TR_325.eml
1,TR_326.eml
1,TR_327.eml
0,TR_328.eml
1,TR_329.eml
1,TR_330.eml
1,TR_331.eml
1,TR_332.eml
1,TR_333.eml
1,TR_334.eml
1,TR_335.eml
0,TR_336.eml
1,TR_337.eml
0,TR_338.eml
1,TR_339.eml
1,TR_340.eml
1,TR_341.eml
1,TR_342.eml
1,TR_343.eml
0,TR_344.eml
1,TR_345.eml
1,TR_346.eml
1,TR_347.eml
1,TR_348.eml
1,TR_349.eml
1,TR_350.eml
1,TR_351.eml
1,TR_352.eml
0,TR_353.eml
0,TR_354.eml
0,TR_355.eml
0,TR_356.eml
1,TR_357.eml
1,TR_358.eml
1,TR_359.eml
0,TR_360.eml
0,TR_361.eml
1,TR_362.eml
1,TR_363.eml
1,TR_364.eml
0,TR_365.eml
1,TR_366.eml
1,TR_367.eml
1,TR_368.eml
1,TR_369.eml
1,TR_370.eml
0,TR_371.eml
1,TR_372.eml
1,TR_373.eml
0,TR_374.eml
1,TR_375.eml
1,TR_376.eml
1,TR_377.eml
1,TR_378.eml
0,TR_379.eml
0,TR_380.eml
1,TR_381.eml
1,TR_382.eml
1,TR_383.eml
0,TR_384.eml
0,TR_385.eml
0,TR_386.eml
1,TR_387.eml
1,TR_388.eml
1,TR_389.eml
0,TR_390.eml
1,TR_391.eml
0,TR_392.eml
1,TR_393.eml
0,TR_394.eml
1,TR_395.eml
1,TR_396.eml
1,TR_397.eml
1,TR_398.eml
1,TR_399.eml
0,TR_400.eml
1,TR_401.eml
1,TR_402.eml
1,TR_403.eml
0,TR_404.eml
1,TR_405.eml
1,TR_406.eml
1,TR_407.eml
0,TR_408.eml
1,TR_409.eml
0,TR_410.eml
1,TR_411.eml
1,TR_412.eml
1,TR_413.eml
1,TR_414.eml
1,TR_415.eml
1,TR_416.eml
1,TR_417.eml
1,TR_418.eml
0,TR_419.eml
0,TR_420.eml
1,TR_421.eml
1,TR_422.eml
0,TR_423.eml
1,TR_424.eml
1,TR_425.eml
0,TR_426.eml
0,TR_427.eml
1,TR_428.eml
1,TR_429.eml
1,TR_430.eml
1,TR_431.eml
0,TR_432.eml
1,TR_433.eml
1,TR_434.eml
1,TR_435.eml
1,TR_436.eml
1,TR_437.eml
1,TR_438.eml
1,TR_439.eml
0,TR_440.eml
0,TR_441.eml
1,TR_442.eml
1,TR_443.eml
1,TR_444.eml
0,TR_445.eml
0,TR_446.eml
1,TR_447.eml
0,TR_448.eml
1,TR_449.eml
1,TR_450.eml
1,TR_451.eml
1,TR_452.eml
1,TR_453.eml
1,TR_454.eml
1,TR_455.eml
1,TR_456.eml
0,TR_457.eml
1,TR_458.eml
0,TR_459.eml
1,TR_460.eml
1,TR_461.eml
1,TR_462.eml
1,TR_463.eml
0,TR_464.eml
1,TR_465.eml
1,TR_466.eml
0,TR_467.eml
1,TR_468.eml
1,TR_469.eml
1,TR_470.eml
1,TR_471.eml
0,TR_472.eml
0,TR_473.eml
1,TR_474.eml
1,TR_475.eml
1,TR_476.eml
1,TR_477.eml
1,TR_478.eml
0,TR_479.eml
0,TR_480.eml
0,TR_481.eml
1,TR_482.eml
1,TR_483.eml
1,TR_484.eml
1,TR_485.eml
0,TR_486.eml
1,TR_487.eml
1,TR_488.eml
1,TR_489.eml
0,TR_490.eml
0,TR_491.eml
1,TR_492.eml
0,TR_493.eml
0,TR_494.eml
1,TR_495.eml
1,TR_496.eml
1,TR_497.eml
0,TR_498.eml
1,TR_499.eml
1,TR_500.eml
0,TR_501.eml
0,TR_502.eml
0,TR_503.eml
1,TR_504.eml
1,TR_505.eml
1,TR_506.eml
1,TR_507.eml
1,TR_508.eml
1,TR_509.eml
1,TR_510.eml
1,TR_511.eml
1,TR_512.eml
0,TR_513.eml
1,TR_514.eml
1,TR_515.eml
0,TR_516.eml
1,TR_517.eml
1,TR_518.eml
0,TR_519.eml
0,TR_520.eml
1,TR_521.eml
1,TR_522.eml
0,TR_523.eml
1,TR_524.eml
1,TR_525.eml
1,TR_526.eml
1,TR_527.eml
1,TR_528.eml
0,TR_529.eml
0,TR_530.eml
1,TR_531.eml
0,TR_532.eml
1,TR_533.eml
1,TR_534.eml
0,TR_535.eml
0,TR_536.eml
1,TR_537.eml
1,TR_538.eml
1,TR_539.eml
1,TR_540.eml
0,TR_541.eml
1,TR_542.eml
0,TR_543.eml
1,TR_544.eml
1,TR_545.eml
1,TR_546.eml
1,TR_547.eml
1,TR_548.eml
0,TR_549.eml
1,TR_550.eml
1,TR_551.eml
0,TR_552.eml
0,TR_553.eml
1,TR_554.eml
1,TR_555.eml
1,TR_556.eml
1,TR_557.eml
1,TR_558.eml
0,TR_559.eml
1,TR_560.eml
0,TR_561.eml
0,TR_562.eml
1,TR_563.eml
1,TR_564.eml
1,TR_565.eml
0,TR_566.eml
0,TR_567.eml
0,TR_568.eml
1,TR_569.eml
0,TR_570.eml
1,TR_571.eml
1,TR_572.eml
0,TR_573.eml
1,TR_574.eml
0,TR_575.eml
0,TR_576.eml
1,TR_577.eml
1,TR_578.eml
1,TR_579.eml
1,TR_580.eml
1,TR_581.eml
1,TR_582.eml
1,TR_583.eml
1,TR_584.eml
1,TR_585.eml
1,TR_586.eml
1,TR_587.eml
1,TR_588.eml
1,TR_589.eml
0,TR_590.eml
1,TR_591.eml
0,TR_592.eml
0,TR_593.eml
1,TR_594.eml
0,TR_595.eml
1,TR_596.eml
1,TR_597.eml
0,TR_598.eml
0,TR_599.eml
0,TR_600.eml
1,TR_601.eml
1,TR_602.eml
0,TR_603.eml
1,TR_604.eml
0,TR_605.eml
1,TR_606.eml
0,TR_607.eml
1,TR_608.eml
1,TR_609.eml
1,TR_610.eml
0,TR_611.eml
1,TR_612.eml
1,TR_613.eml
1,TR_614.eml
1,TR_615.eml
1,TR_616.eml
1,TR_617.eml
1,TR_618.eml
1,TR_619.eml
1,TR_620.eml
1,TR_621.eml
1,TR_622.eml
1,TR_623.eml
1,TR_624.eml
0,TR_625.eml
0,TR_626.eml
1,TR_627.eml
1,TR_628.eml
1,TR_629.eml
0,TR_630.eml
1,TR_631.eml
0,TR_632.eml
1,TR_633.eml
0,TR_634.eml
1,TR_635.eml
1,TR_636.eml
0,TR_637.eml
1,TR_638.eml
1,TR_639.eml
1,TR_640.eml
0,TR_641.eml
0,TR_642.eml
1,TR_643.eml
0,TR_644.eml
1,TR_645.eml
1,TR_646.eml
1,TR_647.eml
0,TR_648.eml
0,TR_649.eml
0,TR_650.eml
0,TR_651.eml
0,TR_652.eml
1,TR_653.eml
0,TR_654.eml
1,TR_655.eml
1,TR_656.eml
1,TR_657.eml
1,TR_658.eml
1,TR_659.eml
1,TR_660.eml
0,TR_661.eml
1,TR_662.eml
1,TR_663.eml
0,TR_664.eml
0,TR_665.eml
0,TR_666.eml
1,TR_667.eml
1,TR_668.eml
0,TR_669.eml
0,TR_670.eml
0,TR_671.eml
1,TR_672.eml
0,TR_673.eml
1,TR_674.eml
1,TR_675.eml
0,TR_676.eml
0,TR_677.eml
1,TR_678.eml
1,TR_679.eml
1,TR_680.eml
1,TR_681.eml
1,TR_682.eml
1,TR_683.eml
0,TR_684.eml
1,TR_685.eml
1,TR_686.eml
1,TR_687.eml
0,TR_688.eml
1,TR_689.eml
0,TR_690.eml
1,TR_691.eml
0,TR_692.eml
0,TR_693.eml
0,TR_694.eml
1,TR_695.eml
0,TR_696.eml
0,TR_697.eml
0,TR_698.eml
1,TR_699.eml
1,TR_700.eml
1,TR_701.eml
1,TR_702.eml
0,TR_703.eml
1,TR_704.eml
0,TR_705.eml
1,TR_706.eml
1,TR_707.eml
1,TR_708.eml
0,TR_709.eml
0,TR_710.eml
1,TR_711.eml
1,TR_712.eml
1,TR_713.eml
1,TR_714.eml
1,TR_715.eml
1,TR_716.eml
1,TR_717.eml
1,TR_718.eml
0,TR_719.eml
0,TR_720.eml
1,TR_721.eml
1,TR_722.eml
0,TR_723.eml
1,TR_724.eml
1,TR_725.eml
0,TR_726.eml
0,TR_727.eml
1,TR_728.eml
0,TR_729.eml
1,TR_730.eml
1,TR_731.eml
0,TR_732.eml
1,TR_733.eml
0,TR_734.eml
1,TR_735.eml
1,TR_736.eml
0,TR_737.eml
0,TR_738.eml
1,TR_739.eml
1,TR_740.eml
0,TR_741.eml
1,TR_742.eml
1,TR_743.eml
0,TR_744.eml
1,TR_745.eml
1,TR_746.eml
1,TR_747.eml
1,TR_748.eml
1,TR_749.eml
1,TR_750.eml
1,TR_751.eml
1,TR_752.eml
1,TR_753.eml
0,TR_754.eml
1,TR_755.eml
1,TR_756.eml
1,TR_757.eml
1,TR_758.eml
0,TR_759.eml
1,TR_760.eml
1,TR_761.eml
0,TR_762.eml
1,TR_763.eml
1,TR_764.eml
1,TR_765.eml
1,TR_766.eml
1,TR_767.eml
1,TR_768.eml
0,TR_769.eml
0,TR_770.eml
1,TR_771.eml
1,TR_772.eml
0,TR_773.eml
1,TR_774.eml
0,TR_775.eml
0,TR_776.eml
0,TR_777.eml
1,TR_778.eml
1,TR_779.eml
1,TR_780.eml
0,TR_781.eml
1,TR_782.eml
0,TR_783.eml
1,TR_784.eml
1,TR_785.eml
1,TR_786.eml
1,TR_787.eml
1,TR_788.eml
1,TR_789.eml
1,TR_790.eml
0,TR_791.eml
1,TR_792.eml
1,TR_793.eml
0,TR_794.eml
1,TR_795.eml
1,TR_796.eml
1,TR_797.eml
0,TR_798.eml
1,TR_799.eml
0,TR_800.eml
0,TR_801.eml
1,TR_802.eml
0,TR_803.eml
1,TR_804.eml
1,TR_805.eml
1,TR_806.eml
1,TR_807.eml
1,TR_808.eml
1,TR_809.eml
1,TR_810.eml
0,TR_811.eml
1,TR_812.eml
1,TR_813.eml
1,TR_814.eml
1,TR_815.eml
1,TR_816.eml
1,TR_817.eml
1,TR_818.eml
1,TR_819.eml
0,TR_820.eml
0,TR_821.eml
1,TR_822.eml
1,TR_823.eml
1,TR_824.eml
1,TR_825.eml
1,TR_826.eml
0,TR_827.eml
0,TR_828.eml
1,TR_829.eml
1,TR_830.eml
1,TR_831.eml
0,TR_832.eml
1,TR_833.eml
1,TR_834.eml
1,TR_835.eml
1,TR_836.eml
1,TR_837.eml
1,TR_838.eml
0,TR_839.eml
1,TR_840.eml
1,TR_841.eml
0,TR_842.eml
1,TR_843.eml
0,TR_844.eml
1,TR_845.eml
1,TR_846.eml
1,TR_847.eml
1,TR_848.eml
1,TR_849.eml
0,TR_850.eml
1,TR_851.eml
1,TR_852.eml
1,TR_853.eml
1,TR_854.eml
0,TR_855.eml
0,TR_856.eml
0,TR_857.eml
1,TR_858.eml
1,TR_859.eml
1,TR_860.eml
1,TR_861.eml
1,TR_862.eml
1,TR_863.eml
1,TR_864.eml
0,TR_865.eml
1,TR_866.eml
1,TR_867.eml
1,TR_868.eml
1,TR_869.eml
1,TR_870.eml
1,TR_871.eml
1,TR_872.eml
1,TR_873.eml
1,TR_874.eml
0,TR_875.eml
1,TR_876.eml
1,TR_877.eml
1,TR_878.eml
1,TR_879.eml
0,TR_880.eml
0,TR_881.eml
1,TR_882.eml
1,TR_883.eml
0,TR_884.eml
0,TR_885.eml
1,TR_886.eml
1,TR_887.eml
1,TR_888.eml
1,TR_889.eml
1,TR_890.eml
1,TR_891.eml
1,TR_892.eml
0,TR_893.eml
1,TR_894.eml
0,TR_895.eml
1,TR_896.eml
0,TR_897.eml
0,TR_898.eml
1,TR_899.eml
1,TR_900.eml
0,TR_901.eml
1,TR_902.eml
0,TR_903.eml
0,TR_904.eml
0,TR_905.eml
0,TR_906.eml
0,TR_907.eml
1,TR_908.eml
1,TR_909.eml
1,TR_910.eml
1,TR_911.eml
0,TR_912.eml
1,TR_913.eml
0,TR_914.eml
0,TR_915.eml
1,TR_916.eml
0,TR_917.eml
0,TR_918.eml
1,TR_919.eml
1,TR_920.eml
0,TR_921.eml
1,TR_922.eml
0,TR_923.eml
0,TR_924.eml
1,TR_925.eml
1,TR_926.eml
1,TR_927.eml
1,TR_928.eml
1,TR_929.eml
1,TR_930.eml
0,TR_931.eml
1,TR_932.eml
1,TR_933.eml
0,TR_934.eml
0,TR_935.eml
0,TR_936.eml
1,TR_937.eml
0,TR_938.eml
1,TR_939.eml
1,TR_940.eml
0,TR_941.eml
1,TR_942.eml
1,TR_943.eml
1,TR_944.eml
0,TR_945.eml
1,TR_946.eml
0,TR_947.eml
1,TR_948.eml
1,TR_949.eml
1,TR_950.eml
1,TR_951.eml
0,TR_952.eml
1,TR_953.eml
1,TR_954.eml
0,TR_955.eml
0,TR_956.eml
1,TR_957.eml
1,TR_958.eml
1,TR_959.eml
0,TR_960.eml
1,TR_961.eml
1,TR_962.eml
1,TR_963.eml
1,TR_964.eml
0,TR_965.eml
1,TR_966.eml
1,TR_967.eml
1,TR_968.eml
1,TR_969.eml
0,TR_970.eml
1,TR_971.eml
0,TR_972.eml
0,TR_973.eml
1,TR_974.eml
1,TR_975.eml
1,TR_976.eml
1,TR_977.eml
0,TR_978.eml
0,TR_979.eml
1,TR_980.eml
0,TR_981.eml
0,TR_982.eml
1,TR_983.eml
0,TR_984.eml
1,TR_985.eml
0,TR_986.eml
1,TR_987.eml
0,TR_988.eml
1,TR_989.eml
1,TR_990.eml
0,TR_991.eml
1,TR_992.eml
1,TR_993.eml
1,TR_994.eml
1,TR_995.eml
1,TR_996.eml
1,TR_997.eml
1,TR_998.eml
0,TR_999.eml
1,TR_100.eml
1,TR_011.eml
1,TR_012.eml
0,TR_013.eml
1,TR_014.eml
1,TR_015.eml
0,TR_016.eml
1,TR_017.eml
1,TR_018.eml
1,TR_019.eml
1,TR_01010.eml
0,TR_01011.eml
1,TR_01012.eml
0,TR_01013.eml
0,TR_01014.eml
1,TR_01015.eml
1,TR_01016.eml
1,TR_01017.eml
1,TR_01018.eml
0,TR_01019.eml
1,TR_01020.eml
1,TR_01021.eml
1,TR_01022.eml
1,TR_01023.eml
0,TR_01024.eml
0,TR_01025.eml
1,TR_01026.eml
1,TR_01027.eml
1,TR_01028.eml
0,TR_01029.eml
1,TR_01030.eml
0,TR_01031.eml
1,TR_01032.eml
0,TR_01033.eml
1,TR_01034.eml
1,TR_01035.eml
1,TR_01036.eml
0,TR_01037.eml
1,TR_01038.eml
1,TR_01039.eml
0,TR_01040.eml
1,TR_01041.eml
1,TR_01042.eml
1,TR_01043.eml
0,TR_01044.eml
0,TR_01045.eml
0,TR_01046.eml
1,TR_01047.eml
1,TR_01048.eml
1,TR_01049.eml
1,TR_01050.eml
1,TR_01051.eml
0,TR_01052.eml
1,TR_01053.eml
1,TR_01054.eml
0,TR_01055.eml
1,TR_01056.eml
1,TR_01057.eml
0,TR_01058.eml
1,TR_01059.eml
1,TR_01060.eml
1,TR_01061.eml
1,TR_01062.eml
0,TR_01063.eml
0,TR_01064.eml
1,TR_01065.eml
1,TR_01066.eml
0,TR_01067.eml
0,TR_01068.eml
1,TR_01069.eml
1,TR_01070.eml
0,TR_01071.eml
1,TR_01072.eml
0,TR_01073.eml
0,TR_01074.eml
0,TR_01075.eml
1,TR_01076.eml
1,TR_01077.eml
0,TR_01078.eml
1,TR_01079.eml
1,TR_01080.eml
1,TR_01081.eml
0,TR_01082.eml
0,TR_01083.eml
0,TR_01084.eml
1,TR_01085.eml
0,TR_01086.eml
1,TR_01087.eml
1,TR_01088.eml
0,TR_01089.eml
0,TR_01090.eml
1,TR_01091.eml
1,TR_01092.eml
1,TR_01093.eml
1,TR_01094.eml
1,TR_01095.eml
1,TR_01096.eml
1,TR_01097.eml
1,TR_01098.eml
1,TR_01099.eml
1,TR_01100.eml
1,TR_01101.eml
0,TR_01102.eml
0,TR_01103.eml
0,TR_01104.eml
1,TR_01105.eml
1,TR_01106.eml
0,TR_01107.eml
1,TR_01108.eml
1,TR_01109.eml
1,TR_01110.eml
0,TR_01111.eml
1,TR_01112.eml
1,TR_01113.eml
0,TR_01114.eml
0,TR_01115.eml
1,TR_01116.eml
1,TR_01117.eml
0,TR_01118.eml
0,TR_01119.eml
0,TR_01120.eml
0,TR_01121.eml
1,TR_01122.eml
1,TR_01123.eml
0,TR_01124.eml
1,TR_01125.eml
1,TR_01126.eml
1,TR_01127.eml
1,TR_01128.eml
1,TR_01129.eml
0,TR_01130.eml
1,TR_01131.eml
0,TR_01132.eml
1,TR_01133.eml
1,TR_01134.eml
1,TR_01135.eml
1,TR_01136.eml
1,TR_01137.eml
0,TR_01138.eml
0,TR_01139.eml
1,TR_01140.eml
0,TR_01141.eml
0,TR_01142.eml
1,TR_01143.eml
1,TR_01144.eml
0,TR_01145.eml
1,TR_01146.eml
0,TR_01147.eml
0,TR_01148.eml
1,TR_01149.eml
0,TR_01150.eml
0,TR_01151.eml
1,TR_01152.eml
0,TR_01153.eml
1,TR_01154.eml
0,TR_01155.eml
1,TR_01156.eml
1,TR_01157.eml
1,TR_01158.eml
1,TR_01159.eml
1,TR_01160.eml
0,TR_01161.eml
1,TR_01162.eml
1,TR_01163.eml
0,TR_01164.eml
0,TR_01165.eml
1,TR_01166.eml
1,TR_01167.eml
1,TR_01168.eml
1,TR_01169.eml
1,TR_01170.eml
1,TR_01171.eml
1,TR_01172.eml
1,TR_01173.eml
0,TR_01174.eml
0,TR_01175.eml
0,TR_01176.eml
1,TR_01177.eml
1,TR_01178.eml
1,TR_01179.eml
0,TR_01180.eml
0,TR_01181.eml
0,TR_01182.eml
0,TR_01183.eml
1,TR_01184.eml
0,TR_01185.eml
1,TR_01186.eml
1,TR_01187.eml
1,TR_01188.eml
1,TR_01189.eml
1,TR_01190.eml
1,TR_01191.eml
1,TR_01192.eml
1,TR_01193.eml
0,TR_01194.eml
0,TR_01195.eml
1,TR_01196.eml
0,TR_01197.eml
1,TR_01198.eml
1,TR_01199.eml
1,TR_01200.eml
0,TR_01201.eml
0,TR_01202.eml
0,TR_01203.eml
0,TR_01204.eml
1,TR_01205.eml
0,TR_01206.eml
1,TR_01207.eml
0,TR_01208.eml
1,TR_01209.eml
1,TR_01210.eml
1,TR_01211.eml
1,TR_01212.eml
1,TR_01213.eml
1,TR_01214.eml
0,TR_01215.eml
0,TR_01216.eml
1,TR_01217.eml
1,TR_01218.eml
0,TR_01219.eml
1,TR_01220.eml
1,TR_01221.eml
1,TR_01222.eml
0,TR_01223.eml
0,TR_01224.eml
1,TR_01225.eml
1,TR_01226.eml
1,TR_01227.eml
1,TR_01228.eml
0,TR_01229.eml
1,TR_01230.eml
1,TR_01231.eml
1,TR_01232.eml
1,TR_01233.eml
0,TR_01234.eml
1,TR_01235.eml
0,TR_01236.eml
1,TR_01237.eml
0,TR_01238.eml
1,TR_01239.eml
1,TR_01240.eml
1,TR_01241.eml
1,TR_01242.eml
1,TR_01243.eml
0,TR_01244.eml
1,TR_01245.eml
1,TR_01246.eml
0,TR_01247.eml
0,TR_01248.eml
1,TR_01249.eml
1,TR_01250.eml
0,TR_01251.eml
1,TR_01252.eml
0,TR_01253.eml
1,TR_01254.eml
1,TR_01255.eml
0,TR_01256.eml
0,TR_01257.eml
1,TR_01258.eml
1,TR_01259.eml
1,TR_01260.eml
1,TR_01261.eml
0,TR_01262.eml
1,TR_01263.eml
1,TR_01264.eml
1,TR_01265.eml
1,TR_01266.eml
0,TR_01267.eml
1,TR_01268.eml
1,TR_01269.eml
1,TR_01270.eml
1,TR_01271.eml
1,TR_01272.eml
1,TR_01273.eml
1,TR_01274.eml
1,TR_01275.eml
0,TR_01276.eml
0,TR_01277.eml
1,TR_01278.eml
1,TR_01279.eml
1,TR_01280.eml
1,TR_01281.eml
1,TR_01282.eml
1,TR_01283.eml
1,TR_01284.eml
1,TR_01285.eml
1,TR_01286.eml
0,TR_01287.eml
0,TR_01288.eml
1,TR_01289.eml
1,TR_01290.eml
1,TR_01291.eml
1,TR_01292.eml
0,TR_01293.eml
1,TR_01294.eml
1,TR_01295.eml
1,TR_01296.eml
1,TR_01297.eml
0,TR_01298.eml
1,TR_01299.eml
0,TR_01300.eml
0,TR_01301.eml
0,TR_01302.eml
1,TR_01303.eml
1,TR_01304.eml
1,TR_01305.eml
1,TR_01306.eml
1,TR_01307.eml
1,TR_01308.eml
1,TR_01309.eml
1,TR_01310.eml
1,TR_01311.eml
1,TR_01312.eml
1,TR_01313.eml
1,TR_01314.eml
1,TR_01315.eml
1,TR_01316.eml
1,TR_01317.eml
1,TR_01318.eml
1,TR_01319.eml
0,TR_01320.eml
0,TR_01321.eml
0,TR_01322.eml
0,TR_01323.eml
0,TR_01324.eml
1,TR_01325.eml
1,TR_01326.eml
1,TR_01327.eml
1,TR_01328.eml
1,TR_01329.eml
0,TR_01330.eml
1,TR_01331.eml
0,TR_01332.eml
0,TR_01333.eml
1,TR_01334.eml
1,TR_01335.eml
0,TR_01336.eml
1,TR_01337.eml
0,TR_01338.eml
1,TR_01339.eml
1,TR_01340.eml
1,TR_01341.eml
1,TR_01342.eml
1,TR_01343.eml
0,TR_01344.eml
1,TR_01345.eml
1,TR_01346.eml
1,TR_01347.eml
1,TR_01348.eml
0,TR_01349.eml
0,TR_01350.eml
1,TR_01351.eml
0,TR_01352.eml
1,TR_01353.eml
1,TR_01354.eml
0,TR_01355.eml
1,TR_01356.eml
1,TR_01357.eml
1,TR_01358.eml
1,TR_01359.eml
1,TR_01360.eml
0,TR_01361.eml
1,TR_01362.eml
1,TR_01363.eml
1,TR_01364.eml
1,TR_01365.eml
1,TR_01366.eml
1,TR_01367.eml
1,TR_01368.eml
1,TR_01369.eml
0,TR_01370.eml
1,TR_01371.eml
1,TR_01372.eml
1,TR_01373.eml
1,TR_01374.eml
1,TR_01375.eml
1,TR_01376.eml
1,TR_01377.eml
0,TR_01378.eml
1,TR_01379.eml
1,TR_01380.eml
0,TR_01381.eml
1,TR_01382.eml
1,TR_01383.eml
1,TR_01384.eml
1,TR_01385.eml
1,TR_01386.eml
1,TR_01387.eml
1,TR_01388.eml
1,TR_01389.eml
1,TR_01390.eml
1,TR_01391.eml
1,TR_01392.eml
1,TR_01393.eml
0,TR_01394.eml
0,TR_01395.eml
1,TR_01396.eml
1,TR_01397.eml
0,TR_01398.eml
1,TR_01399.eml
1,TR_01400.eml
1,TR_01401.eml
0,TR_01402.eml
0,TR_01403.eml
1,TR_01404.eml
1,TR_01405.eml
0,TR_01406.eml
1,TR_01407.eml
1,TR_01408.eml
1,TR_01409.eml
1,TR_01410.eml
1,TR_01411.eml
0,TR_01412.eml
0,TR_01413.eml
1,TR_01414.eml
1,TR_01415.eml
0,TR_01416.eml
1,TR_01417.eml
1,TR_01418.eml
1,TR_01419.eml
1,TR_01420.eml
0,TR_01421.eml
1,TR_01422.eml
0,TR_01423.eml
1,TR_01424.eml
0,TR_01425.eml
1,TR_01426.eml
1,TR_01427.eml
0,TR_01428.eml
1,TR_01429.eml
1,TR_01430.eml
1,TR_01431.eml
0,TR_01432.eml
1,TR_01433.eml
1,TR_01434.eml
0,TR_01435.eml
1,TR_01436.eml
1,TR_01437.eml
1,TR_01438.eml
0,TR_01439.eml
1,TR_01440.eml
0,TR_01441.eml
1,TR_01442.eml
1,TR_01443.eml
1,TR_01444.eml
0,TR_01445.eml
1,TR_01446.eml
0,TR_01447.eml
0,TR_01448.eml
0,TR_01449.eml
1,TR_01450.eml
1,TR_01451.eml
1,TR_01452.eml
0,TR_01453.eml
0,TR_01454.eml
1,TR_01455.eml
1,TR_01456.eml
1,TR_01457.eml
1,TR_01458.eml
0,TR_01459.eml
0,TR_01460.eml
1,TR_01461.eml
1,TR_01462.eml
1,TR_01463.eml
1,TR_01464.eml
1,TR_01465.eml
0,TR_01466.eml
1,TR_01467.eml
1,TR_01468.eml
1,TR_01469.eml
1,TR_01470.eml
1,TR_01471.eml
1,TR_01472.eml
1,TR_01473.eml
1,TR_01474.eml
1,TR_01475.eml
1,TR_01476.eml
0,TR_01477.eml
1,TR_01478.eml
1,TR_01479.eml
1,TR_01480.eml
1,TR_01481.eml
1,TR_01482.eml
1,TR_01483.eml
1,TR_01484.eml
1,TR_01485.eml
0,TR_01486.eml
1,TR_01487.eml
1,TR_01488.eml
1,TR_01489.eml
0,TR_01490.eml
1,TR_01491.eml
1,TR_01492.eml
1,TR_01493.eml
1,TR_01494.eml
0,TR_01495.eml
1,TR_01496.eml
1,TR_01497.eml
1,TR_01498.eml
1,TR_01499.eml
0,TR_01500.eml
0,TR_01501.eml
1,TR_01502.eml
1,TR_01503.eml
0,TR_01504.eml
1,TR_01505.eml
0,TR_01506.eml
1,TR_01507.eml
1,TR_01508.eml
0,TR_01509.eml
1,TR_01510.eml
1,TR_01511.eml
1,TR_01512.eml
0,TR_01513.eml
1,TR_01514.eml
0,TR_01515.eml
1,TR_01516.eml
0,TR_01517.eml
1,TR_01518.eml
1,TR_01519.eml
1,TR_01520.eml
0,TR_01521.eml
1,TR_01522.eml
1,TR_01523.eml
1,TR_01524.eml
1,TR_01525.eml
0,TR_01526.eml
1,TR_01527.eml
1,TR_01528.eml
0,TR_01529.eml
1,TR_01530.eml
1,TR_01531.eml
0,TR_01532.eml
1,TR_01533.eml
1,TR_01534.eml
1,TR_01535.eml
0,TR_01536.eml
1,TR_01537.eml
0,TR_01538.eml
0,TR_01539.eml
1,TR_01540.eml
1,TR_01541.eml
1,TR_01542.eml
1,TR_01543.eml
1,TR_01544.eml
1,TR_01545.eml
1,TR_01546.eml
0,TR_01547.eml
0,TR_01548.eml
0,TR_01549.eml
1,TR_01550.eml
0,TR_01551.eml
1,TR_01552.eml
1,TR_01553.eml
1,TR_01554.eml
1,TR_01555.eml
1,TR_01556.eml
0,TR_01557.eml
1,TR_01558.eml
1,TR_01559.eml
0,TR_01560.eml
1,TR_01561.eml
0,TR_01562.eml
0,TR_01563.eml
0,TR_01564.eml
0,TR_01565.eml
1,TR_01566.eml
0,TR_01567.eml
0,TR_01568.eml
1,TR_01569.eml
1,TR_01570.eml
0,TR_01571.eml
1,TR_01572.eml
0,TR_01573.eml
1,TR_01574.eml
1,TR_01575.eml
1,TR_01576.eml
0,TR_01577.eml
1,TR_01578.eml
1,TR_01579.eml
0,TR_01580.eml
1,TR_01581.eml
1,TR_01582.eml
0,TR_01583.eml
1,TR_01584.eml
1,TR_01585.eml
0,TR_01586.eml
1,TR_01587.eml
0,TR_01588.eml
1,TR_01589.eml
1,TR_01590.eml
1,TR_01591.eml
1,TR_01592.eml
1,TR_01593.eml
0,TR_01594.eml
1,TR_01595.eml
1,TR_01596.eml
1,TR_01597.eml
1,TR_01598.eml
1,TR_01599.eml
1,TR_01600.eml
0,TR_01601.eml
0,TR_01602.eml
1,TR_01603.eml
0,TR_01604.eml
1,TR_01605.eml
1,TR_01606.eml
1,TR_01607.eml
1,TR_01608.eml
1,TR_01609.eml
0,TR_01610.eml
1,TR_01611.eml
1,TR_01612.eml
1,TR_01613.eml
1,TR_01614.eml
1,TR_01615.eml
0,TR_01616.eml
1,TR_01617.eml
0,TR_01618.eml
1,TR_01619.eml
1,TR_01620.eml
1,TR_01621.eml
1,TR_01622.eml
0,TR_01623.eml
1,TR_01624.eml
1,TR_01625.eml
1,TR_01626.eml
1,TR_01627.eml
0,TR_01628.eml
1,TR_01629.eml
1,TR_01630.eml
0,TR_01631.eml
1,TR_01632.eml
0,TR_01633.eml
1,TR_01634.eml
1,TR_01635.eml
1,TR_01636.eml
0,TR_01637.eml
0,TR_01638.eml
1,TR_01639.eml
1,TR_01640.eml
0,TR_01641.eml
0,TR_01642.eml
0,TR_01643.eml
1,TR_01644.eml
1,TR_01645.eml
0,TR_01646.eml
0,TR_01647.eml
1,TR_01648.eml
1,TR_01649.eml
1,TR_01650.eml
1,TR_01651.eml
1,TR_01652.eml
1,TR_01653.eml
0,TR_01654.eml
1,TR_01655.eml
1,TR_01656.eml
0,TR_01657.eml
1,TR_01658.eml
1,TR_01659.eml
0,TR_01660.eml
1,TR_01661.eml
0,TR_01662.eml
1,TR_01663.eml
1,TR_01664.eml
1,TR_01665.eml
1,TR_01666.eml
0,TR_01667.eml
1,TR_01668.eml
0,TR_01669.eml
1,TR_01670.eml
1,TR_01671.eml
1,TR_01672.eml
1,TR_01673.eml
1,TR_01674.eml
1,TR_01675.eml
0,TR_01676.eml
0,TR_01677.eml
0,TR_01678.eml
1,TR_01679.eml
1,TR_01680.eml
1,TR_01681.eml
0,TR_01682.eml
0,TR_01683.eml
0,TR_01684.eml
0,TR_01685.eml
1,TR_01686.eml
0,TR_01687.eml
1,TR_01688.eml
1,TR_01689.eml
1,TR_01690.eml
1,TR_01691.eml
0,TR_01692.eml
1,TR_01693.eml
1,TR_01694.eml
1,TR_01695.eml
1,TR_01696.eml
1,TR_01697.eml
1,TR_01698.eml
1,TR_01699.eml
0,TR_01700.eml
0,TR_01701.eml
1,TR_01702.eml
1,TR_01703.eml
1,TR_01704.eml
0,TR_01705.eml
0,TR_01706.eml
1,TR_01707.eml
1,TR_01708.eml
0,TR_01709.eml
1,TR_01710.eml
1,TR_01711.eml
1,TR_01712.eml
0,TR_01713.eml
0,TR_01714.eml
0,TR_01715.eml
0,TR_01716.eml
1,TR_01717.eml
1,TR_01718.eml
1,TR_01719.eml
1,TR_01720.eml
1,TR_01721.eml
1,TR_01722.eml
1,TR_01723.eml
0,TR_01724.eml
1,TR_01725.eml
1,TR_01726.eml
1,TR_01727.eml
0,TR_01728.eml
1,TR_01729.eml
0,TR_01730.eml
0,TR_01731.eml
0,TR_01732.eml
1,TR_01733.eml
1,TR_01734.eml
0,TR_01735.eml
1,TR_01736.eml
1,TR_01737.eml
1,TR_01738.eml
0,TR_01739.eml
1,TR_01740.eml
1,TR_01741.eml
1,TR_01742.eml
1,TR_01743.eml
1,TR_01744.eml
1,TR_01745.eml
1,TR_01746.eml
0,TR_01747.eml
1,TR_01748.eml
1,TR_01749.eml
1,TR_01750.eml
1,TR_01751.eml
1,TR_01752.eml
0,TR_01753.eml
1,TR_01754.eml
1,TR_01755.eml
1,TR_01756.eml
0,TR_01757.eml
0,TR_01758.eml
0,TR_01759.eml
1,TR_01760.eml
1,TR_01761.eml
1,TR_01762.eml
1,TR_01763.eml
0,TR_01764.eml
1,TR_01765.eml
1,TR_01766.eml
0,TR_01767.eml
1,TR_01768.eml
1,TR_01769.eml
1,TR_01770.eml
1,TR_01771.eml
0,TR_01772.eml
1,TR_01773.eml
1,TR_01774.eml
1,TR_01775.eml
0,TR_01776.eml
0,TR_01777.eml
1,TR_01778.eml
1,TR_01779.eml
0,TR_01780.eml
1,TR_01781.eml
0,TR_01782.eml
1,TR_01783.eml
1,TR_01784.eml
1,TR_01785.eml
0,TR_01786.eml
0,TR_01787.eml
1,TR_01788.eml
1,TR_01789.eml
0,TR_01790.eml
1,TR_01791.eml
0,TR_01792.eml
0,TR_01793.eml
1,TR_01794.eml
1,TR_01795.eml
1,TR_01796.eml
1,TR_01797.eml
0,TR_01798.eml
1,TR_01799.eml
0,TR_01800.eml
1,TR_01801.eml
1,TR_01802.eml
1,TR_01803.eml
1,TR_01804.eml
1,TR_01805.eml
0,TR_01806.eml
1,TR_01807.eml
1,TR_01808.eml
0,TR_01809.eml
0,TR_01810.eml
1,TR_01811.eml
0,TR_01812.eml
1,TR_01813.eml
1,TR_01814.eml
1,TR_01815.eml
1,TR_01816.eml
1,TR_01817.eml
0,TR_01818.eml
1,TR_01819.eml
1,TR_01820.eml
1,TR_01821.eml
1,TR_01822.eml
1,TR_01823.eml
1,TR_01824.eml
1,TR_01825.eml
1,TR_01826.eml
1,TR_01827.eml
1,TR_01828.eml
1,TR_01829.eml
0,TR_01830.eml
0,TR_01831.eml
1,TR_01832.eml
1,TR_01833.eml
1,TR_01834.eml
1,TR_01835.eml
1,TR_01836.eml
1,TR_01837.eml
0,TR_01838.eml
1,TR_01839.eml
1,TR_01840.eml
1,TR_01841.eml
1,TR_01842.eml
1,TR_01843.eml
1,TR_01844.eml
1,TR_01845.eml
1,TR_01846.eml
1,TR_01847.eml
0,TR_01848.eml
1,TR_01849.eml
1,TR_01850.eml
0,TR_01851.eml
0,TR_01852.eml
1,TR_01853.eml
0,TR_01854.eml
0,TR_01855.eml
1,TR_01856.eml
1,TR_01857.eml
0,TR_01858.eml
1,TR_01859.eml
1,TR_01860.eml
1,TR_01861.eml
1,TR_01862.eml
1,TR_01863.eml
0,TR_01864.eml
1,TR_01865.eml
1,TR_01866.eml
1,TR_01867.eml
1,TR_01868.eml
0,TR_01869.eml
0,TR_01870.eml
1,TR_01871.eml
1,TR_01872.eml
1,TR_01873.eml
1,TR_01874.eml
0,TR_01875.eml
1,TR_01876.eml
0,TR_01877.eml
1,TR_01878.eml
0,TR_01879.eml
1,TR_01880.eml
0,TR_01881.eml
1,TR_01882.eml
1,TR_01883.eml
1,TR_01884.eml
1,TR_01885.eml
1,TR_01886.eml
0,TR_01887.eml
0,TR_01888.eml
0,TR_01889.eml
1,TR_01890.eml
1,TR_01891.eml
0,TR_01892.eml
0,TR_01893.eml
0,TR_01894.eml
1,TR_01895.eml
1,TR_01896.eml
0,TR_01897.eml
1,TR_01898.eml
1,TR_01899.eml
1,TR_01900.eml
1,TR_01901.eml
1,TR_01902.eml
1,TR_01903.eml
0,TR_01904.eml
1,TR_01905.eml
1,TR_01906.eml
0,TR_01907.eml
0,TR_01908.eml
1,TR_01909.eml
1,TR_01910.eml
1,TR_01911.eml
0,TR_01912.eml
1,TR_01913.eml
1,TR_01914.eml
1,TR_01915.eml
1,TR_01916.eml
0,TR_01917.eml
1,TR_01918.eml
1,TR_01919.eml
1,TR_01920.eml
1,TR_01921.eml
0,TR_01922.eml
1,TR_01923.eml
1,TR_01924.eml
1,TR_01925.eml
0,TR_01926.eml
0,TR_01927.eml
0,TR_01928.eml
0,TR_01929.eml
0,TR_01930.eml
1,TR_01931.eml
1,TR_01932.eml
1,TR_01933.eml
0,TR_01934.eml
1,TR_01935.eml
0,TR_01936.eml
1,TR_01937.eml
1,TR_01938.eml
1,TR_01939.eml
0,TR_01940.eml
0,TR_01941.eml
1,TR_01942.eml
1,TR_01943.eml
1,TR_01944.eml
1,TR_01945.eml
1,TR_01946.eml
1,TR_01947.eml
1,TR_01948.eml
1,TR_01949.eml
0,TR_01950.eml
1,TR_01951.eml
0,TR_01952.eml
1,TR_01953.eml
0,TR_01954.eml
1,TR_01955.eml
0,TR_01956.eml
1,TR_01957.eml
1,TR_01958.eml
1,TR_01959.eml
1,TR_01960.eml
0,TR_01961.eml
0,TR_01962.eml
0,TR_01963.eml
1,TR_01964.eml
1,TR_01965.eml
0,TR_01966.eml
1,TR_01967.eml
0,TR_01968.eml
0,TR_01969.eml
1,TR_01970.eml
1,TR_01971.eml
0,TR_01972.eml
1,TR_01973.eml
1,TR_01974.eml
1,TR_01975.eml
0,TR_01976.eml
0,TR_01977.eml
1,TR_01978.eml
1,TR_01979.eml
1,TR_01980.eml
1,TR_01981.eml
1,TR_01982.eml
1,TR_01983.eml
1,TR_01984.eml
0,TR_01985.eml
1,TR_01986.eml
0,TR_01987.eml
0,TR_01988.eml
1,TR_01989.eml
1,TR_01990.eml
1,TR_01991.eml
0,TR_01992.eml
1,TR_01993.eml
0,TR_01994.eml
1,TR_01995.eml
0,TR_01996.eml
1,TR_01997.eml
1,TR_01998.eml
1,TR_01999.eml
1,TR_02.eml
0,TR_021.eml
0,TR_022.eml
1,TR_023.eml
0,TR_024.eml
0,TR_025.eml
1,TR_026.eml
0,TR_027.eml
1,TR_028.eml
1,TR_029.eml
1,TR_02010.eml
0,TR_02011.eml
0,TR_02012.eml
1,TR_02013.eml
1,TR_02014.eml
1,TR_02015.eml
0,TR_02016.eml
0,TR_02017.eml
1,TR_02018.eml
1,TR_02019.eml
1,TR_02020.eml
1,TR_02021.eml
0,TR_02022.eml
1,TR_02023.eml
0,TR_02024.eml
1,TR_02025.eml
1,TR_02026.eml
1,TR_02027.eml
1,TR_02028.eml
1,TR_02029.eml
1,TR_02030.eml
1,TR_02031.eml
1,TR_02032.eml
0,TR_02033.eml
0,TR_02034.eml
1,TR_02035.eml
0,TR_02036.eml
0,TR_02037.eml
1,TR_02038.eml
1,TR_02039.eml
1,TR_02040.eml
1,TR_02041.eml
0,TR_02042.eml
1,TR_02043.eml
1,TR_02044.eml
0,TR_02045.eml
1,TR_02046.eml
0,TR_02047.eml
1,TR_02048.eml
1,TR_02049.eml
1,TR_02050.eml
1,TR_02051.eml
1,TR_02052.eml
1,TR_02053.eml
1,TR_02054.eml
0,TR_02055.eml
0,TR_02056.eml
1,TR_02057.eml
1,TR_02058.eml
1,TR_02059.eml
1,TR_02060.eml
1,TR_02061.eml
1,TR_02062.eml
0,TR_02063.eml
0,TR_02064.eml
1,TR_02065.eml
1,TR_02066.eml
0,TR_02067.eml
1,TR_02068.eml
1,TR_02069.eml
0,TR_02070.eml
1,TR_02071.eml
0,TR_02072.eml
0,TR_02073.eml
1,TR_02074.eml
1,TR_02075.eml
1,TR_02076.eml
0,TR_02077.eml
1,TR_02078.eml
1,TR_02079.eml
1,TR_02080.eml
1,TR_02081.eml
0,TR_02082.eml
0,TR_02083.eml
1,TR_02084.eml
1,TR_02085.eml
1,TR_02086.eml
0,TR_02087.eml
1,TR_02088.eml
1,TR_02089.eml
1,TR_02090.eml
1,TR_02091.eml
1,TR_02092.eml
1,TR_02093.eml
1,TR_02094.eml
1,TR_02095.eml
1,TR_02096.eml
1,TR_02097.eml
1,TR_02098.eml
0,TR_02099.eml
1,TR_02100.eml
0,TR_02101.eml
1,TR_02102.eml
1,TR_02103.eml
1,TR_02104.eml
1,TR_02105.eml
1,TR_02106.eml
1,TR_02107.eml
1,TR_02108.eml
0,TR_02109.eml
1,TR_02110.eml
0,TR_02111.eml
1,TR_02112.eml
1,TR_02113.eml
0,TR_02114.eml
0,TR_02115.eml
0,TR_02116.eml
1,TR_02117.eml
0,TR_02118.eml
1,TR_02119.eml
1,TR_02120.eml
1,TR_02121.eml
1,TR_02122.eml
1,TR_02123.eml
1,TR_02124.eml
0,TR_02125.eml
1,TR_02126.eml
1,TR_02127.eml
0,TR_02128.eml
1,TR_02129.eml
1,TR_02130.eml
1,TR_02131.eml
0,TR_02132.eml
1,TR_02133.eml
1,TR_02134.eml
1,TR_02135.eml
1,TR_02136.eml
1,TR_02137.eml
1,TR_02138.eml
1,TR_02139.eml
1,TR_02140.eml
1,TR_02141.eml
1,TR_02142.eml
1,TR_02143.eml
1,TR_02144.eml
0,TR_02145.eml
1,TR_02146.eml
1,TR_02147.eml
1,TR_02148.eml
1,TR_02149.eml
1,TR_02150.eml
1,TR_02151.eml
0,TR_02152.eml
1,TR_02153.eml
1,TR_02154.eml
1,TR_02155.eml
1,TR_02156.eml
0,TR_02157.eml
1,TR_02158.eml
1,TR_02159.eml
1,TR_02160.eml
1,TR_02161.eml
1,TR_02162.eml
0,TR_02163.eml
0,TR_02164.eml
1,TR_02165.eml
1,TR_02166.eml
1,TR_02167.eml
1,TR_02168.eml
1,TR_02169.eml
1,TR_02170.eml
1,TR_02171.eml
0,TR_02172.eml
1,TR_02173.eml
1,TR_02174.eml
1,TR_02175.eml
1,TR_02176.eml
1,TR_02177.eml
1,TR_02178.eml
1,TR_02179.eml
1,TR_02180.eml
1,TR_02181.eml
1,TR_02182.eml
1,TR_02183.eml
1,TR_02184.eml
1,TR_02185.eml
0,TR_02186.eml
1,TR_02187.eml
1,TR_02188.eml
1,TR_02189.eml
1,TR_02190.eml
1,TR_02191.eml
1,TR_02192.eml
1,TR_02193.eml
1,TR_02194.eml
0,TR_02195.eml
0,TR_02196.eml
1,TR_02197.eml
0,TR_02198.eml
0,TR_02199.eml
0,TR_02200.eml
1,TR_02201.eml
0,TR_02202.eml
1,TR_02203.eml
1,TR_02204.eml
1,TR_02205.eml
0,TR_02206.eml
0,TR_02207.eml
1,TR_02208.eml
1,TR_02209.eml
0,TR_02210.eml
1,TR_02211.eml
0,TR_02212.eml
1,TR_02213.eml
0,TR_02214.eml
1,TR_02215.eml
1,TR_02216.eml
1,TR_02217.eml
1,TR_02218.eml
1,TR_02219.eml
0,TR_02220.eml
0,TR_02221.eml
1,TR_02222.eml
1,TR_02223.eml
1,TR_02224.eml
0,TR_02225.eml
1,TR_02226.eml
1,TR_02227.eml
0,TR_02228.eml
1,TR_02229.eml
1,TR_02230.eml
1,TR_02231.eml
1,TR_02232.eml
1,TR_02233.eml
1,TR_02234.eml
1,TR_02235.eml
0,TR_02236.eml
0,TR_02237.eml
1,TR_02238.eml
1,TR_02239.eml
0,TR_02240.eml
1,TR_02241.eml
1,TR_02242.eml
0,TR_02243.eml
1,TR_02244.eml
1,TR_02245.eml
1,TR_02246.eml
1,TR_02247.eml
1,TR_02248.eml
1,TR_02249.eml
1,TR_02250.eml
0,TR_02251.eml
1,TR_02252.eml
1,TR_02253.eml
1,TR_02254.eml
0,TR_02255.eml
1,TR_02256.eml
1,TR_02257.eml
0,TR_02258.eml
1,TR_02259.eml
1,TR_02260.eml
1,TR_02261.eml
1,TR_02262.eml
0,TR_02263.eml
0,TR_02264.eml
1,TR_02265.eml
0,TR_02266.eml
1,TR_02267.eml
1,TR_02268.eml
1,TR_02269.eml
1,TR_02270.eml
1,TR_02271.eml
1,TR_02272.eml
0,TR_02273.eml
1,TR_02274.eml
1,TR_02275.eml
0,TR_02276.eml
0,TR_02277.eml
1,TR_02278.eml
1,TR_02279.eml
1,TR_02280.eml
0,TR_02281.eml
0,TR_02282.eml
0,TR_02283.eml
0,TR_02284.eml
1,TR_02285.eml
1,TR_02286.eml
1,TR_02287.eml
0,TR_02288.eml
1,TR_02289.eml
1,TR_02290.eml
1,TR_02291.eml
1,TR_02292.eml
0,TR_02293.eml
0,TR_02294.eml
1,TR_02295.eml
1,TR_02296.eml
0,TR_02297.eml
1,TR_02298.eml
1,TR_02299.eml
0,TR_02300.eml
1,TR_02301.eml
0,TR_02302.eml
1,TR_02303.eml
1,TR_02304.eml
1,TR_02305.eml
1,TR_02306.eml
0,TR_02307.eml
1,TR_02308.eml
1,TR_02309.eml
1,TR_02310.eml
0,TR_02311.eml
1,TR_02312.eml
1,TR_02313.eml
1,TR_02314.eml
1,TR_02315.eml
0,TR_02316.eml
0,TR_02317.eml
1,TR_02318.eml
1,TR_02319.eml
1,TR_02320.eml
1,TR_02321.eml
0,TR_02322.eml
1,TR_02323.eml
1,TR_02324.eml
0,TR_02325.eml
1,TR_02326.eml
1,TR_02327.eml
0,TR_02328.eml
1,TR_02329.eml
1,TR_02330.eml
1,TR_02331.eml
1,TR_02332.eml
0,TR_02333.eml
0,TR_02334.eml
1,TR_02335.eml
0,TR_02336.eml
1,TR_02337.eml
1,TR_02338.eml
1,TR_02339.eml
0,TR_02340.eml
1,TR_02341.eml
1,TR_02342.eml
1,TR_02343.eml
1,TR_02344.eml
1,TR_02345.eml
0,TR_02346.eml
0,TR_02347.eml
0,TR_02348.eml
1,TR_02349.eml
1,TR_02350.eml
1,TR_02351.eml
1,TR_02352.eml
1,TR_02353.eml
1,TR_02354.eml
1,TR_02355.eml
1,TR_02356.eml
1,TR_02357.eml
0,TR_02358.eml
1,TR_02359.eml
1,TR_02360.eml
1,TR_02361.eml
1,TR_02362.eml
0,TR_02363.eml
0,TR_02364.eml
1,TR_02365.eml
1,TR_02366.eml
0,TR_02367.eml
0,TR_02368.eml
1,TR_02369.eml
1,TR_02370.eml
0,TR_02371.eml
0,TR_02372.eml
0,TR_02373.eml
1,TR_02374.eml
1,TR_02375.eml
1,TR_02376.eml
1,TR_02377.eml
1,TR_02378.eml
0,TR_02379.eml
1,TR_02380.eml
1,TR_02381.eml
1,TR_02382.eml
1,TR_02383.eml
1,TR_02384.eml
1,TR_02385.eml
1,TR_02386.eml
1,TR_02387.eml
1,TR_02388.eml
1,TR_02389.eml
0,TR_02390.eml
1,TR_02391.eml
0,TR_02392.eml
1,TR_02393.eml
1,TR_02394.eml
0,TR_02395.eml
1,TR_02396.eml
1,TR_02397.eml
1,TR_02398.eml
1,TR_02399.eml
0,TR_02400.eml
1,TR_02401.eml
0,TR_02402.eml
0,TR_02403.eml
1,TR_02404.eml
1,TR_02405.eml
1,TR_02406.eml
1,TR_02407.eml
0,TR_02408.eml
1,TR_02409.eml
0,TR_02410.eml
1,TR_02411.eml
0,TR_02412.eml
0,TR_02413.eml
1,TR_02414.eml
1,TR_02415.eml
1,TR_02416.eml
1,TR_02417.eml
1,TR_02418.eml
0,TR_02419.eml
0,TR_02420.eml
1,TR_02421.eml
0,TR_02422.eml
1,TR_02423.eml
1,TR_02424.eml
0,TR_02425.eml
1,TR_02426.eml
1,TR_02427.eml
1,TR_02428.eml
0,TR_02429.eml
1,TR_02430.eml
1,TR_02431.eml
0,TR_02432.eml
1,TR_02433.eml
0,TR_02434.eml
1,TR_02435.eml
1,TR_02436.eml
0,TR_02437.eml
1,TR_02438.eml
0,TR_02439.eml
1,TR_02440.eml
0,TR_02441.eml
0,TR_02442.eml
1,TR_02443.eml
1,TR_02444.eml
0,TR_02445.eml
0,TR_02446.eml
1,TR_02447.eml
1,TR_02448.eml
1,TR_02449.eml
1,TR_02450.eml
1,TR_02451.eml
1,TR_02452.eml
0,TR_02453.eml
1,TR_02454.eml
1,TR_02455.eml
1,TR_02456.eml
0,TR_02457.eml
1,TR_02458.eml
1,TR_02459.eml
1,TR_02460.eml
1,TR_02461.eml
1,TR_02462.eml
0,TR_02463.eml
0,TR_02464.eml
1,TR_02465.eml
1,TR_02466.eml
0,TR_02467.eml
0,TR_02468.eml
1,TR_02469.eml
0,TR_02470.eml
1,TR_02471.eml
0,TR_02472.eml
1,TR_02473.eml
1,TR_02474.eml
1,TR_02475.eml
1,TR_02476.eml
1,TR_02477.eml
1,TR_02478.eml
0,TR_02479.eml
1,TR_02480.eml
0,TR_02481.eml
0,TR_02482.eml
1,TR_02483.eml
1,TR_02484.eml
1,TR_02485.eml
1,TR_02486.eml
1,TR_02487.eml
1,TR_02488.eml
0,TR_02489.eml
1,TR_02490.eml
0,TR_02491.eml
1,TR_02492.eml
1,TR_02493.eml
0,TR_02494.eml
1,TR_02495.eml
0,TR_02496.eml
1,TR_02497.eml
0,TR_02498.eml
1,TR_02499.eml
1,TR_02500.eml
1,TR_02501.eml
0,TR_02502.eml
1,TR_02503.eml
0,TR_02504.eml
1,TR_02505.eml
1,TR_02506.eml
0,TR_02507.eml
1,TR_02508.eml
1,TR_02509.eml
1,TR_02510.eml
1,TR_02511.eml
1,TR_02512.eml
0,TR_02513.eml
1,TR_02514.eml
1,TR_02515.eml
1,TR_02516.eml
1,TR_02517.eml
1,TR_02518.eml
1,TR_02519.eml
1,TR_02520.eml
1,TR_02521.eml
1,TR_02522.eml
1,TR_02523.eml
1,TR_02524.eml
1,TR_02525.eml
1,TR_02526.eml
1,TR_02527.eml
0,TR_02528.eml
1,TR_02529.eml
0,TR_02530.eml
1,TR_02531.eml
1,TR_02532.eml
0,TR_02533.eml
1,TR_02534.eml
1,TR_02535.eml
1,TR_02536.eml
1,TR_02537.eml
1,TR_02538.eml
1,TR_02539.eml
0,TR_02540.eml
1,TR_02541.eml
0,TR_02542.eml
0,TR_02543.eml
1,TR_02544.eml
1,TR_02545.eml
1,TR_02546.eml
1,TR_02547.eml
1,TR_02548.eml
1,TR_02549.eml
0,TR_02550.eml
0,TR_02551.eml
0,TR_02552.eml
1,TR_02553.eml
1,TR_02554.eml
0,TR_02555.eml
1,TR_02556.eml
0,TR_02557.eml
1,TR_02558.eml
1,TR_02559.eml
0,TR_02560.eml
1,TR_02561.eml
0,TR_02562.eml
0,TR_02563.eml
1,TR_02564.eml
1,TR_02565.eml
1,TR_02566.eml
1,TR_02567.eml
0,TR_02568.eml
1,TR_02569.eml
1,TR_02570.eml
0,TR_02571.eml
1,TR_02572.eml
0,TR_02573.eml
1,TR_02574.eml
1,TR_02575.eml
0,TR_02576.eml
1,TR_02577.eml
1,TR_02578.eml
1,TR_02579.eml
0,TR_02580.eml
0,TR_02581.eml
0,TR_02582.eml
1,TR_02583.eml
1,TR_02584.eml
0,TR_02585.eml
1,TR_02586.eml
1,TR_02587.eml
1,TR_02588.eml
1,TR_02589.eml
0,TR_02590.eml
1,TR_02591.eml
1,TR_02592.eml
1,TR_02593.eml
1,TR_02594.eml
0,TR_02595.eml
1,TR_02596.eml
1,TR_02597.eml
1,TR_02598.eml
0,TR_02599.eml
1,TR_02600.eml
1,TR_02601.eml
0,TR_02602.eml
1,TR_02603.eml
1,TR_02604.eml
0,TR_02605.eml
0,TR_02606.eml
1,TR_02607.eml
1,TR_02608.eml
0,TR_02609.eml
0,TR_02610.eml
1,TR_02611.eml
0,TR_02612.eml
1,TR_02613.eml
1,TR_02614.eml
1,TR_02615.eml
1,TR_02616.eml
1,TR_02617.eml
1,TR_02618.eml
0,TR_02619.eml
0,TR_02620.eml
1,TR_02621.eml
0,TR_02622.eml
0,TR_02623.eml
1,TR_02624.eml
0,TR_02625.eml
1,TR_02626.eml
0,TR_02627.eml
1,TR_02628.eml
0,TR_02629.eml
1,TR_02630.eml
1,TR_02631.eml
1,TR_02632.eml
0,TR_02633.eml
1,TR_02634.eml
1,TR_02635.eml
1,TR_02636.eml
1,TR_02637.eml
1,TR_02638.eml
1,TR_02639.eml
1,TR_02640.eml
1,TR_02641.eml
0,TR_02642.eml
0,TR_02643.eml
0,TR_02644.eml
0,TR_02645.eml
0,TR_02646.eml
1,TR_02647.eml
0,TR_02648.eml
0,TR_02649.eml
1,TR_02650.eml
1,TR_02651.eml
0,TR_02652.eml
1,TR_02653.eml
0,TR_02654.eml
1,TR_02655.eml
1,TR_02656.eml
1,TR_02657.eml
1,TR_02658.eml
1,TR_02659.eml
1,TR_02660.eml
0,TR_02661.eml
1,TR_02662.eml
1,TR_02663.eml
0,TR_02664.eml
1,TR_02665.eml
1,TR_02666.eml
1,TR_02667.eml
0,TR_02668.eml
1,TR_02669.eml
1,TR_02670.eml
1,TR_02671.eml
1,TR_02672.eml
1,TR_02673.eml
1,TR_02674.eml
1,TR_02675.eml
0,TR_02676.eml
1,TR_02677.eml
1,TR_02678.eml
0,TR_02679.eml
0,TR_02680.eml
1,TR_02681.eml
1,TR_02682.eml
1,TR_02683.eml
1,TR_02684.eml
0,TR_02685.eml
1,TR_02686.eml
0,TR_02687.eml
1,TR_02688.eml
1,TR_02689.eml
1,TR_02690.eml
0,TR_02691.eml
0,TR_02692.eml
0,TR_02693.eml
0,TR_02694.eml
1,TR_02695.eml
1,TR_02696.eml
1,TR_02697.eml
1,TR_02698.eml
1,TR_02699.eml
1,TR_02700.eml
1,TR_02701.eml
0,TR_02702.eml
1,TR_02703.eml
1,TR_02704.eml
1,TR_02705.eml
1,TR_02706.eml
0,TR_02707.eml
1,TR_02708.eml
0,TR_02709.eml
0,TR_02710.eml
1,TR_02711.eml
0,TR_02712.eml
1,TR_02713.eml
1,TR_02714.eml
0,TR_02715.eml
1,TR_02716.eml
0,TR_02717.eml
0,TR_02718.eml
0,TR_02719.eml
1,TR_02720.eml
0,TR_02721.eml
1,TR_02722.eml
1,TR_02723.eml
1,TR_02724.eml
1,TR_02725.eml
0,TR_02726.eml
1,TR_02727.eml
1,TR_02728.eml
1,TR_02729.eml
1,TR_02730.eml
0,TR_02731.eml
1,TR_02732.eml
0,TR_02733.eml
1,TR_02734.eml
0,TR_02735.eml
0,TR_02736.eml
1,TR_02737.eml
1,TR_02738.eml
0,TR_02739.eml
1,TR_02740.eml
1,TR_02741.eml
0,TR_02742.eml
0,TR_02743.eml
1,TR_02744.eml
0,TR_02745.eml
1,TR_02746.eml
1,TR_02747.eml
1,TR_02748.eml
1,TR_02749.eml
1,TR_02750.eml
1,TR_02751.eml
0,TR_02752.eml
1,TR_02753.eml
1,TR_02754.eml
0,TR_02755.eml
0,TR_02756.eml
1,TR_02757.eml
1,TR_02758.eml
1,TR_02759.eml
1,TR_02760.eml
1,TR_02761.eml
1,TR_02762.eml
0,TR_02763.eml
1,TR_02764.eml
1,TR_02765.eml
0,TR_02766.eml
0,TR_02767.eml
1,TR_02768.eml
0,TR_02769.eml
1,TR_02770.eml
1,TR_02771.eml
0,TR_02772.eml
1,TR_02773.eml
1,TR_02774.eml
1,TR_02775.eml
1,TR_02776.eml
0,TR_02777.eml
1,TR_02778.eml
1,TR_02779.eml
1,TR_02780.eml
1,TR_02781.eml
0,TR_02782.eml
1,TR_02783.eml
1,TR_02784.eml
0,TR_02785.eml
1,TR_02786.eml
1,TR_02787.eml
1,TR_02788.eml
1,TR_02789.eml
1,TR_02790.eml
1,TR_02791.eml
1,TR_02792.eml
1,TR_02793.eml
1,TR_02794.eml
0,TR_02795.eml
1,TR_02796.eml
0,TR_02797.eml
0,TR_02798.eml
1,TR_02799.eml
0,TR_02800.eml
1,TR_02801.eml
1,TR_02802.eml
1,TR_02803.eml
1,TR_02804.eml
1,TR_02805.eml
1,TR_02806.eml
0,TR_02807.eml
0,TR_02808.eml
1,TR_02809.eml
1,TR_02810.eml
1,TR_02811.eml
1,TR_02812.eml
1,TR_02813.eml
1,TR_02814.eml
0,TR_02815.eml
1,TR_02816.eml
0,TR_02817.eml
1,TR_02818.eml
1,TR_02819.eml
1,TR_02820.eml
0,TR_02821.eml
0,TR_02822.eml
1,TR_02823.eml
1,TR_02824.eml
1,TR_02825.eml
0,TR_02826.eml
1,TR_02827.eml
1,TR_02828.eml
1,TR_02829.eml
1,TR_02830.eml
0,TR_02831.eml
1,TR_02832.eml
1,TR_02833.eml
1,TR_02834.eml
0,TR_02835.eml
1,TR_02836.eml
1,TR_02837.eml
1,TR_02838.eml
1,TR_02839.eml
1,TR_02840.eml
0,TR_02841.eml
1,TR_02842.eml
0,TR_02843.eml
0,TR_02844.eml
0,TR_02845.eml
0,TR_02846.eml
0,TR_02847.eml
1,TR_02848.eml
0,TR_02849.eml
1,TR_02850.eml
0,TR_02851.eml
1,TR_02852.eml
1,TR_02853.eml
0,TR_02854.eml
1,TR_02855.eml
0,TR_02856.eml
1,TR_02857.eml
0,TR_02858.eml
1,TR_02859.eml
0,TR_02860.eml
0,TR_02861.eml
1,TR_02862.eml
1,TR_02863.eml
1,TR_02864.eml
1,TR_02865.eml
1,TR_02866.eml
1,TR_02867.eml
0,TR_02868.eml
1,TR_02869.eml
1,TR_02870.eml
1,TR_02871.eml
1,TR_02872.eml
0,TR_02873.eml
1,TR_02874.eml
1,TR_02875.eml
1,TR_02876.eml
1,TR_02877.eml
1,TR_02878.eml
0,TR_02879.eml
1,TR_02880.eml
1,TR_02881.eml
1,TR_02882.eml
1,TR_02883.eml
1,TR_02884.eml
0,TR_02885.eml
0,TR_02886.eml
1,TR_02887.eml
1,TR_02888.eml
1,TR_02889.eml
0,TR_02890.eml
1,TR_02891.eml
0,TR_02892.eml
1,TR_02893.eml
1,TR_02894.eml
1,TR_02895.eml
1,TR_02896.eml
1,TR_02897.eml
1,TR_02898.eml
1,TR_02899.eml
1,TR_02900.eml
1,TR_02901.eml
0,TR_02902.eml
1,TR_02903.eml
1,TR_02904.eml
0,TR_02905.eml
0,TR_02906.eml
1,TR_02907.eml
1,TR_02908.eml
1,TR_02909.eml
1,TR_02910.eml
1,TR_02911.eml
0,TR_02912.eml
1,TR_02913.eml
1,TR_02914.eml
0,TR_02915.eml
1,TR_02916.eml
1,TR_02917.eml
0,TR_02918.eml
1,TR_02919.eml
1,TR_02920.eml
1,TR_02921.eml
1,TR_02922.eml
1,TR_02923.eml
1,TR_02924.eml
0,TR_02925.eml
1,TR_02926.eml
1,TR_02927.eml
1,TR_02928.eml
1,TR_02929.eml
1,TR_02930.eml
1,TR_02931.eml
1,TR_02932.eml
1,TR_02933.eml
1,TR_02934.eml
1,TR_02935.eml
1,TR_02936.eml
1,TR_02937.eml
0,TR_02938.eml
1,TR_02939.eml
1,TR_02940.eml
0,TR_02941.eml
1,TR_02942.eml
1,TR_02943.eml
1,TR_02944.eml
1,TR_02945.eml
1,TR_02946.eml
1,TR_02947.eml
0,TR_02948.eml
0,TR_02949.eml
1,TR_02950.eml
1,TR_02951.eml
1,TR_02952.eml
1,TR_02953.eml
0,TR_02954.eml
0,TR_02955.eml
1,TR_02956.eml
0,TR_02957.eml
1,TR_02958.eml
1,TR_02959.eml
1,TR_02960.eml
1,TR_02961.eml
1,TR_02962.eml
1,TR_02963.eml
1,TR_02964.eml
1,TR_02965.eml
0,TR_02966.eml
1,TR_02967.eml
1,TR_02968.eml
1,TR_02969.eml
1,TR_02970.eml
1,TR_02971.eml
1,TR_02972.eml
1,TR_02973.eml
1,TR_02974.eml
1,TR_02975.eml
1,TR_02976.eml
1,TR_02977.eml
1,TR_02978.eml
1,TR_02979.eml
0,TR_02980.eml
0,TR_02981.eml
0,TR_02982.eml
1,TR_02983.eml
0,TR_02984.eml
0,TR_02985.eml
1,TR_02986.eml
1,TR_02987.eml
1,TR_02988.eml
0,TR_02989.eml
1,TR_02990.eml
1,TR_02991.eml
1,TR_02992.eml
1,TR_02993.eml
1,TR_02994.eml
1,TR_02995.eml
1,TR_02996.eml
0,TR_02997.eml
0,TR_02998.eml
0,TR_02999.eml
1,TR_03.eml
1,TR_031.eml
0,TR_032.eml
1,TR_033.eml
1,TR_034.eml
1,TR_035.eml
1,TR_036.eml
1,TR_037.eml
1,TR_038.eml
0,TR_039.eml
1,TR_03010.eml
1,TR_03011.eml
0,TR_03012.eml
1,TR_03013.eml
1,TR_03014.eml
1,TR_03015.eml
1,TR_03016.eml
0,TR_03017.eml
1,TR_03018.eml
1,TR_03019.eml
0,TR_03020.eml
1,TR_03021.eml
1,TR_03022.eml
0,TR_03023.eml
1,TR_03024.eml
0,TR_03025.eml
1,TR_03026.eml
1,TR_03027.eml
1,TR_03028.eml
1,TR_03029.eml
0,TR_03030.eml
1,TR_03031.eml
1,TR_03032.eml
1,TR_03033.eml
1,TR_03034.eml
1,TR_03035.eml
0,TR_03036.eml
1,TR_03037.eml
1,TR_03038.eml
1,TR_03039.eml
1,TR_03040.eml
0,TR_03041.eml
1,TR_03042.eml
1,TR_03043.eml
0,TR_03044.eml
1,TR_03045.eml
0,TR_03046.eml
1,TR_03047.eml
0,TR_03048.eml
1,TR_03049.eml
1,TR_03050.eml
1,TR_03051.eml
1,TR_03052.eml
1,TR_03053.eml
1,TR_03054.eml
0,TR_03055.eml
0,TR_03056.eml
0,TR_03057.eml
1,TR_03058.eml
1,TR_03059.eml
1,TR_03060.eml
1,TR_03061.eml
1,TR_03062.eml
1,TR_03063.eml
0,TR_03064.eml
0,TR_03065.eml
1,TR_03066.eml
1,TR_03067.eml
1,TR_03068.eml
0,TR_03069.eml
1,TR_03070.eml
0,TR_03071.eml
1,TR_03072.eml
1,TR_03073.eml
1,TR_03074.eml
0,TR_03075.eml
0,TR_03076.eml
1,TR_03077.eml
1,TR_03078.eml
1,TR_03079.eml
1,TR_03080.eml
1,TR_03081.eml
1,TR_03082.eml
1,TR_03083.eml
1,TR_03084.eml
1,TR_03085.eml
0,TR_03086.eml
1,TR_03087.eml
1,TR_03088.eml
1,TR_03089.eml
1,TR_03090.eml
0,TR_03091.eml
1,TR_03092.eml
1,TR_03093.eml
0,TR_03094.eml
0,TR_03095.eml
1,TR_03096.eml
0,TR_03097.eml
1,TR_03098.eml
0,TR_03099.eml
1,TR_03100.eml
1,TR_03101.eml
1,TR_03102.eml
1,TR_03103.eml
0,TR_03104.eml
1,TR_03105.eml
0,TR_03106.eml
0,TR_03107.eml
1,TR_03108.eml
1,TR_03109.eml
1,TR_03110.eml
0,TR_03111.eml
0,TR_03112.eml
0,TR_03113.eml
1,TR_03114.eml
1,TR_03115.eml
0,TR_03116.eml
1,TR_03117.eml
1,TR_03118.eml
1,TR_03119.eml
1,TR_03120.eml
1,TR_03121.eml
1,TR_03122.eml
0,TR_03123.eml
1,TR_03124.eml
1,TR_03125.eml
1,TR_03126.eml
1,TR_03127.eml
1,TR_03128.eml
0,TR_03129.eml
1,TR_03130.eml
1,TR_03131.eml
1,TR_03132.eml
0,TR_03133.eml
1,TR_03134.eml
1,TR_03135.eml
1,TR_03136.eml
1,TR_03137.eml
1,TR_03138.eml
1,TR_03139.eml
1,TR_03140.eml
1,TR_03141.eml
0,TR_03142.eml
1,TR_03143.eml
1,TR_03144.eml
1,TR_03145.eml
1,TR_03146.eml
1,TR_03147.eml
1,TR_03148.eml
1,TR_03149.eml
1,TR_03150.eml
1,TR_03151.eml
1,TR_03152.eml
0,TR_03153.eml
0,TR_03154.eml
1,TR_03155.eml
0,TR_03156.eml
0,TR_03157.eml
0,TR_03158.eml
0,TR_03159.eml
0,TR_03160.eml
1,TR_03161.eml
1,TR_03162.eml
0,TR_03163.eml
1,TR_03164.eml
1,TR_03165.eml
1,TR_03166.eml
1,TR_03167.eml
1,TR_03168.eml
1,TR_03169.eml
1,TR_03170.eml
1,TR_03171.eml
1,TR_03172.eml
1,TR_03173.eml
1,TR_03174.eml
1,TR_03175.eml
0,TR_03176.eml
1,TR_03177.eml
1,TR_03178.eml
1,TR_03179.eml
1,TR_03180.eml
1,TR_03181.eml
1,TR_03182.eml
1,TR_03183.eml
1,TR_03184.eml
1,TR_03185.eml
1,TR_03186.eml
1,TR_03187.eml
1,TR_03188.eml
1,TR_03189.eml
1,TR_03190.eml
0,TR_03191.eml
0,TR_03192.eml
1,TR_03193.eml
1,TR_03194.eml
1,TR_03195.eml
0,TR_03196.eml
1,TR_03197.eml
1,TR_03198.eml
0,TR_03199.eml
1,TR_03200.eml
1,TR_03201.eml
0,TR_03202.eml
1,TR_03203.eml
1,TR_03204.eml
0,TR_03205.eml
1,TR_03206.eml
0,TR_03207.eml
0,TR_03208.eml
1,TR_03209.eml
0,TR_03210.eml
1,TR_03211.eml
1,TR_03212.eml
1,TR_03213.eml
1,TR_03214.eml
0,TR_03215.eml
1,TR_03216.eml
0,TR_03217.eml
0,TR_03218.eml
1,TR_03219.eml
1,TR_03220.eml
1,TR_03221.eml
1,TR_03222.eml
1,TR_03223.eml
1,TR_03224.eml
0,TR_03225.eml
0,TR_03226.eml
0,TR_03227.eml
1,TR_03228.eml
1,TR_03229.eml
1,TR_03230.eml
1,TR_03231.eml
1,TR_03232.eml
0,TR_03233.eml
1,TR_03234.eml
1,TR_03235.eml
1,TR_03236.eml
1,TR_03237.eml
1,TR_03238.eml
1,TR_03239.eml
1,TR_03240.eml
1,TR_03241.eml
0,TR_03242.eml
1,TR_03243.eml
1,TR_03244.eml
1,TR_03245.eml
1,TR_03246.eml
1,TR_03247.eml
1,TR_03248.eml
1,TR_03249.eml
0,TR_03250.eml
1,TR_03251.eml
1,TR_03252.eml
1,TR_03253.eml
0,TR_03254.eml
1,TR_03255.eml
1,TR_03256.eml
1,TR_03257.eml
1,TR_03258.eml
1,TR_03259.eml
1,TR_03260.eml
0,TR_03261.eml
1,TR_03262.eml
1,TR_03263.eml
1,TR_03264.eml
0,TR_03265.eml
0,TR_03266.eml
1,TR_03267.eml
0,TR_03268.eml
1,TR_03269.eml
0,TR_03270.eml
0,TR_03271.eml
1,TR_03272.eml
1,TR_03273.eml
1,TR_03274.eml
0,TR_03275.eml
1,TR_03276.eml
0,TR_03277.eml
1,TR_03278.eml
1,TR_03279.eml
0,TR_03280.eml
0,TR_03281.eml
0,TR_03282.eml
1,TR_03283.eml
1,TR_03284.eml
0,TR_03285.eml
0,TR_03286.eml
1,TR_03287.eml
0,TR_03288.eml
1,TR_03289.eml
0,TR_03290.eml
1,TR_03291.eml
1,TR_03292.eml
1,TR_03293.eml
0,TR_03294.eml
1,TR_03295.eml
1,TR_03296.eml
1,TR_03297.eml
0,TR_03298.eml
1,TR_03299.eml
0,TR_03300.eml
1,TR_03301.eml
1,TR_03302.eml
1,TR_03303.eml
0,TR_03304.eml
1,TR_03305.eml
0,TR_03306.eml
1,TR_03307.eml
1,TR_03308.eml
1,TR_03309.eml
1,TR_03310.eml
1,TR_03311.eml
1,TR_03312.eml
1,TR_03313.eml
0,TR_03314.eml
1,TR_03315.eml
1,TR_03316.eml
1,TR_03317.eml
1,TR_03318.eml
1,TR_03319.eml
1,TR_03320.eml
0,TR_03321.eml
0,TR_03322.eml
1,TR_03323.eml
0,TR_03324.eml
1,TR_03325.eml
1,TR_03326.eml
1,TR_03327.eml
1,TR_03328.eml
1,TR_03329.eml
1,TR_03330.eml
1,TR_03331.eml
1,TR_03332.eml
1,TR_03333.eml
1,TR_03334.eml
1,TR_03335.eml
1,TR_03336.eml
0,TR_03337.eml
1,TR_03338.eml
1,TR_03339.eml
0,TR_03340.eml
1,TR_03341.eml
1,TR_03342.eml
0,TR_03343.eml
1,TR_03344.eml
1,TR_03345.eml
1,TR_03346.eml
1,TR_03347.eml
1,TR_03348.eml
0,TR_03349.eml
1,TR_03350.eml
1,TR_03351.eml
1,TR_03352.eml
1,TR_03353.eml
1,TR_03354.eml
1,TR_03355.eml
1,TR_03356.eml
1,TR_03357.eml
0,TR_03358.eml
1,TR_03359.eml
1,TR_03360.eml
1,TR_03361.eml
1,TR_03362.eml
0,TR_03363.eml
0,TR_03364.eml
1,TR_03365.eml
1,TR_03366.eml
1,TR_03367.eml
0,TR_03368.eml
0,TR_03369.eml
0,TR_03370.eml
0,TR_03371.eml
1,TR_03372.eml
1,TR_03373.eml
1,TR_03374.eml
1,TR_03375.eml
1,TR_03376.eml
0,TR_03377.eml
1,TR_03378.eml
0,TR_03379.eml
0,TR_03380.eml
0,TR_03381.eml
1,TR_03382.eml
1,TR_03383.eml
1,TR_03384.eml
1,TR_03385.eml
1,TR_03386.eml
0,TR_03387.eml
1,TR_03388.eml
0,TR_03389.eml
0,TR_03390.eml
1,TR_03391.eml
0,TR_03392.eml
1,TR_03393.eml
0,TR_03394.eml
0,TR_03395.eml
0,TR_03396.eml
0,TR_03397.eml
0,TR_03398.eml
0,TR_03399.eml
1,TR_03400.eml
0,TR_03401.eml
1,TR_03402.eml
1,TR_03403.eml
1,TR_03404.eml
0,TR_03405.eml
1,TR_03406.eml
0,TR_03407.eml
0,TR_03408.eml
1,TR_03409.eml
0,TR_03410.eml
1,TR_03411.eml
0,TR_03412.eml
1,TR_03413.eml
1,TR_03414.eml
0,TR_03415.eml
1,TR_03416.eml
1,TR_03417.eml
1,TR_03418.eml
1,TR_03419.eml
1,TR_03420.eml
1,TR_03421.eml
1,TR_03422.eml
1,TR_03423.eml
1,TR_03424.eml
1,TR_03425.eml
1,TR_03426.eml
1,TR_03427.eml
1,TR_03428.eml
1,TR_03429.eml
1,TR_03430.eml
0,TR_03431.eml
1,TR_03432.eml
1,TR_03433.eml
1,TR_03434.eml
1,TR_03435.eml
1,TR_03436.eml
0,TR_03437.eml
0,TR_03438.eml
1,TR_03439.eml
1,TR_03440.eml
1,TR_03441.eml
1,TR_03442.eml
1,TR_03443.eml
1,TR_03444.eml
1,TR_03445.eml
1,TR_03446.eml
0,TR_03447.eml
1,TR_03448.eml
1,TR_03449.eml
1,TR_03450.eml
1,TR_03451.eml
1,TR_03452.eml
0,TR_03453.eml
1,TR_03454.eml
0,TR_03455.eml
1,TR_03456.eml
1,TR_03457.eml
0,TR_03458.eml
1,TR_03459.eml
1,TR_03460.eml
1,TR_03461.eml
1,TR_03462.eml
0,TR_03463.eml
0,TR_03464.eml
1,TR_03465.eml
0,TR_03466.eml
0,TR_03467.eml
1,TR_03468.eml
1,TR_03469.eml
1,TR_03470.eml
1,TR_03471.eml
1,TR_03472.eml
0,TR_03473.eml
1,TR_03474.eml
1,TR_03475.eml
1,TR_03476.eml
0,TR_03477.eml
1,TR_03478.eml
1,TR_03479.eml
0,TR_03480.eml
0,TR_03481.eml
0,TR_03482.eml
1,TR_03483.eml
0,TR_03484.eml
1,TR_03485.eml
1,TR_03486.eml
1,TR_03487.eml
1,TR_03488.eml
0,TR_03489.eml
0,TR_03490.eml
1,TR_03491.eml
1,TR_03492.eml
1,TR_03493.eml
1,TR_03494.eml
1,TR_03495.eml
1,TR_03496.eml
0,TR_03497.eml
1,TR_03498.eml
1,TR_03499.eml
1,TR_03500.eml
0,TR_03501.eml
1,TR_03502.eml
1,TR_03503.eml
1,TR_03504.eml
1,TR_03505.eml
1,TR_03506.eml
1,TR_03507.eml
1,TR_03508.eml
1,TR_03509.eml
1,TR_03510.eml
1,TR_03511.eml
1,TR_03512.eml
1,TR_03513.eml
1,TR_03514.eml
1,TR_03515.eml
0,TR_03516.eml
0,TR_03517.eml
1,TR_03518.eml
1,TR_03519.eml
1,TR_03520.eml
1,TR_03521.eml
1,TR_03522.eml
1,TR_03523.eml
1,TR_03524.eml
0,TR_03525.eml
0,TR_03526.eml
1,TR_03527.eml
1,TR_03528.eml
1,TR_03529.eml
0,TR_03530.eml
1,TR_03531.eml
1,TR_03532.eml
1,TR_03533.eml
0,TR_03534.eml
0,TR_03535.eml
1,TR_03536.eml
1,TR_03537.eml
0,TR_03538.eml
0,TR_03539.eml
1,TR_03540.eml
1,TR_03541.eml
1,TR_03542.eml
0,TR_03543.eml
1,TR_03544.eml
1,TR_03545.eml
1,TR_03546.eml
0,TR_03547.eml
0,TR_03548.eml
1,TR_03549.eml
1,TR_03550.eml
1,TR_03551.eml
1,TR_03552.eml
0,TR_03553.eml
1,TR_03554.eml
1,TR_03555.eml
0,TR_03556.eml
1,TR_03557.eml
1,TR_03558.eml
1,TR_03559.eml
1,TR_03560.eml
1,TR_03561.eml
1,TR_03562.eml
1,TR_03563.eml
1,TR_03564.eml
1,TR_03565.eml
0,TR_03566.eml
1,TR_03567.eml
1,TR_03568.eml
1,TR_03569.eml
1,TR_03570.eml
0,TR_03571.eml
0,TR_03572.eml
1,TR_03573.eml
1,TR_03574.eml
0,TR_03575.eml
0,TR_03576.eml
1,TR_03577.eml
1,TR_03578.eml
1,TR_03579.eml
1,TR_03580.eml
1,TR_03581.eml
0,TR_03582.eml
0,TR_03583.eml
1,TR_03584.eml
0,TR_03585.eml
1,TR_03586.eml
1,TR_03587.eml
1,TR_03588.eml
0,TR_03589.eml
1,TR_03590.eml
1,TR_03591.eml
1,TR_03592.eml
1,TR_03593.eml
0,TR_03594.eml
1,TR_03595.eml
1,TR_03596.eml
1,TR_03597.eml
1,TR_03598.eml
1,TR_03599.eml
0,TR_03600.eml
0,TR_03601.eml
0,TR_03602.eml
0,TR_03603.eml
0,TR_03604.eml
0,TR_03605.eml
1,TR_03606.eml
1,TR_03607.eml
1,TR_03608.eml
1,TR_03609.eml
0,TR_03610.eml
0,TR_03611.eml
0,TR_03612.eml
1,TR_03613.eml
0,TR_03614.eml
0,TR_03615.eml
1,TR_03616.eml
0,TR_03617.eml
1,TR_03618.eml
1,TR_03619.eml
0,TR_03620.eml
0,TR_03621.eml
1,TR_03622.eml
0,TR_03623.eml
1,TR_03624.eml
1,TR_03625.eml
1,TR_03626.eml
1,TR_03627.eml
0,TR_03628.eml
0,TR_03629.eml
1,TR_03630.eml
1,TR_03631.eml
0,TR_03632.eml
1,TR_03633.eml
1,TR_03634.eml
1,TR_03635.eml
1,TR_03636.eml
1,TR_03637.eml
1,TR_03638.eml
0,TR_03639.eml
1,TR_03640.eml
0,TR_03641.eml
0,TR_03642.eml
0,TR_03643.eml
0,TR_03644.eml
1,TR_03645.eml
1,TR_03646.eml
1,TR_03647.eml
1,TR_03648.eml
1,TR_03649.eml
0,TR_03650.eml
1,TR_03651.eml
1,TR_03652.eml
1,TR_03653.eml
1,TR_03654.eml
1,TR_03655.eml
1,TR_03656.eml
0,TR_03657.eml
1,TR_03658.eml
1,TR_03659.eml
1,TR_03660.eml
1,TR_03661.eml
1,TR_03662.eml
1,TR_03663.eml
1,TR_03664.eml
0,TR_03665.eml
1,TR_03666.eml
1,TR_03667.eml
1,TR_03668.eml
0,TR_03669.eml
1,TR_03670.eml
1,TR_03671.eml
1,TR_03672.eml
1,TR_03673.eml
1,TR_03674.eml
0,TR_03675.eml
0,TR_03676.eml
0,TR_03677.eml
0,TR_03678.eml
1,TR_03679.eml
1,TR_03680.eml
1,TR_03681.eml
0,TR_03682.eml
1,TR_03683.eml
1,TR_03684.eml
1,TR_03685.eml
1,TR_03686.eml
0,TR_03687.eml
0,TR_03688.eml
1,TR_03689.eml
1,TR_03690.eml
1,TR_03691.eml
1,TR_03692.eml
1,TR_03693.eml
0,TR_03694.eml
1,TR_03695.eml
1,TR_03696.eml
0,TR_03697.eml
0,TR_03698.eml
0,TR_03699.eml
0,TR_03700.eml
0,TR_03701.eml
0,TR_03702.eml
1,TR_03703.eml
1,TR_03704.eml
1,TR_03705.eml
1,TR_03706.eml
1,TR_03707.eml
0,TR_03708.eml
1,TR_03709.eml
1,TR_03710.eml
1,TR_03711.eml
1,TR_03712.eml
1,TR_03713.eml
1,TR_03714.eml
1,TR_03715.eml
1,TR_03716.eml
1,TR_03717.eml
1,TR_03718.eml
1,TR_03719.eml
0,TR_03720.eml
0,TR_03721.eml
1,TR_03722.eml
0,TR_03723.eml
0,TR_03724.eml
1,TR_03725.eml
1,TR_03726.eml
1,TR_03727.eml
0,TR_03728.eml
0,TR_03729.eml
1,TR_03730.eml
1,TR_03731.eml
0,TR_03732.eml
1,TR_03733.eml
1,TR_03734.eml
0,TR_03735.eml
0,TR_03736.eml
1,TR_03737.eml
0,TR_03738.eml
0,TR_03739.eml
0,TR_03740.eml
0,TR_03741.eml
0,TR_03742.eml
1,TR_03743.eml
1,TR_03744.eml
1,TR_03745.eml
1,TR_03746.eml
0,TR_03747.eml
0,TR_03748.eml
1,TR_03749.eml
0,TR_03750.eml
1,TR_03751.eml
0,TR_03752.eml
1,TR_03753.eml
0,TR_03754.eml
1,TR_03755.eml
1,TR_03756.eml
1,TR_03757.eml
1,TR_03758.eml
1,TR_03759.eml
0,TR_03760.eml
0,TR_03761.eml
1,TR_03762.eml
0,TR_03763.eml
1,TR_03764.eml
1,TR_03765.eml
1,TR_03766.eml
0,TR_03767.eml
1,TR_03768.eml
0,TR_03769.eml
1,TR_03770.eml
1,TR_03771.eml
1,TR_03772.eml
1,TR_03773.eml
0,TR_03774.eml
1,TR_03775.eml
0,TR_03776.eml
1,TR_03777.eml
1,TR_03778.eml
1,TR_03779.eml
1,TR_03780.eml
1,TR_03781.eml
1,TR_03782.eml
0,TR_03783.eml
1,TR_03784.eml
0,TR_03785.eml
0,TR_03786.eml
1,TR_03787.eml
1,TR_03788.eml
1,TR_03789.eml
0,TR_03790.eml
1,TR_03791.eml
1,TR_03792.eml
1,TR_03793.eml
0,TR_03794.eml
1,TR_03795.eml
1,TR_03796.eml
1,TR_03797.eml
0,TR_03798.eml
0,TR_03799.eml
1,TR_03800.eml
1,TR_03801.eml
1,TR_03802.eml
0,TR_03803.eml
1,TR_03804.eml
0,TR_03805.eml
1,TR_03806.eml
1,TR_03807.eml
1,TR_03808.eml
1,TR_03809.eml
1,TR_03810.eml
0,TR_03811.eml
0,TR_03812.eml
1,TR_03813.eml
0,TR_03814.eml
0,TR_03815.eml
1,TR_03816.eml
0,TR_03817.eml
0,TR_03818.eml
1,TR_03819.eml
1,TR_03820.eml
1,TR_03821.eml
1,TR_03822.eml
1,TR_03823.eml
0,TR_03824.eml
1,TR_03825.eml
0,TR_03826.eml
0,TR_03827.eml
1,TR_03828.eml
1,TR_03829.eml
1,TR_03830.eml
1,TR_03831.eml
1,TR_03832.eml
1,TR_03833.eml
1,TR_03834.eml
0,TR_03835.eml
1,TR_03836.eml
0,TR_03837.eml
0,TR_03838.eml
1,TR_03839.eml
1,TR_03840.eml
1,TR_03841.eml
1,TR_03842.eml
0,TR_03843.eml
1,TR_03844.eml
1,TR_03845.eml
1,TR_03846.eml
0,TR_03847.eml
1,TR_03848.eml
1,TR_03849.eml
1,TR_03850.eml
1,TR_03851.eml
1,TR_03852.eml
1,TR_03853.eml
1,TR_03854.eml
1,TR_03855.eml
0,TR_03856.eml
0,TR_03857.eml
1,TR_03858.eml
0,TR_03859.eml
1,TR_03860.eml
1,TR_03861.eml
1,TR_03862.eml
1,TR_03863.eml
0,TR_03864.eml
1,TR_03865.eml
1,TR_03866.eml
1,TR_03867.eml
0,TR_03868.eml
0,TR_03869.eml
1,TR_03870.eml
1,TR_03871.eml
0,TR_03872.eml
1,TR_03873.eml
1,TR_03874.eml
1,TR_03875.eml
1,TR_03876.eml
1,TR_03877.eml
1,TR_03878.eml
0,TR_03879.eml
1,TR_03880.eml
0,TR_03881.eml
0,TR_03882.eml
1,TR_03883.eml
0,TR_03884.eml
0,TR_03885.eml
1,TR_03886.eml
1,TR_03887.eml
0,TR_03888.eml
1,TR_03889.eml
1,TR_03890.eml
0,TR_03891.eml
1,TR_03892.eml
1,TR_03893.eml
0,TR_03894.eml
1,TR_03895.eml
1,TR_03896.eml
0,TR_03897.eml
1,TR_03898.eml
1,TR_03899.eml
1,TR_03900.eml
1,TR_03901.eml
1,TR_03902.eml
0,TR_03903.eml
1,TR_03904.eml
1,TR_03905.eml
1,TR_03906.eml
1,TR_03907.eml
1,TR_03908.eml
0,TR_03909.eml
0,TR_03910.eml
1,TR_03911.eml
1,TR_03912.eml
0,TR_03913.eml
0,TR_03914.eml
1,TR_03915.eml
0,TR_03916.eml
1,TR_03917.eml
0,TR_03918.eml
1,TR_03919.eml
0,TR_03920.eml
0,TR_03921.eml
1,TR_03922.eml
1,TR_03923.eml
0,TR_03924.eml
1,TR_03925.eml
1,TR_03926.eml
1,TR_03927.eml
1,TR_03928.eml
1,TR_03929.eml
1,TR_03930.eml
0,TR_03931.eml
0,TR_03932.eml
0,TR_03933.eml
1,TR_03934.eml
1,TR_03935.eml
1,TR_03936.eml
1,TR_03937.eml
1,TR_03938.eml
1,TR_03939.eml
0,TR_03940.eml
1,TR_03941.eml
1,TR_03942.eml
1,TR_03943.eml
1,TR_03944.eml
0,TR_03945.eml
1,TR_03946.eml
1,TR_03947.eml
1,TR_03948.eml
1,TR_03949.eml
0,TR_03950.eml
1,TR_03951.eml
1,TR_03952.eml
0,TR_03953.eml
0,TR_03954.eml
1,TR_03955.eml
0,TR_03956.eml
1,TR_03957.eml
1,TR_03958.eml
0,TR_03959.eml
1,TR_03960.eml
1,TR_03961.eml
0,TR_03962.eml
0,TR_03963.eml
0,TR_03964.eml
1,TR_03965.eml
1,TR_03966.eml
0,TR_03967.eml
1,TR_03968.eml
1,TR_03969.eml
1,TR_03970.eml
0,TR_03971.eml
1,TR_03972.eml
1,TR_03973.eml
1,TR_03974.eml
1,TR_03975.eml
0,TR_03976.eml
1,TR_03977.eml
1,TR_03978.eml
1,TR_03979.eml
1,TR_03980.eml
1,TR_03981.eml
1,TR_03982.eml
1,TR_03983.eml
1,TR_03984.eml
1,TR_03985.eml
0,TR_03986.eml
1,TR_03987.eml
1,TR_03988.eml
1,TR_03989.eml
0,TR_03990.eml
1,TR_03991.eml
0,TR_03992.eml
0,TR_03993.eml
1,TR_03994.eml
0,TR_03995.eml
0,TR_03996.eml
1,TR_03997.eml
1,TR_03998.eml
1,TR_03999.eml
0,TR_04.eml
0,TR_041.eml
0,TR_042.eml
1,TR_043.eml
0,TR_044.eml
1,TR_045.eml
1,TR_046.eml
1,TR_047.eml
1,TR_048.eml
1,TR_049.eml
1,TR_04010.eml
1,TR_04011.eml
0,TR_04012.eml
0,TR_04013.eml
0,TR_04014.eml
1,TR_04015.eml
1,TR_04016.eml
1,TR_04017.eml
1,TR_04018.eml
1,TR_04019.eml
1,TR_04020.eml
1,TR_04021.eml
1,TR_04022.eml
0,TR_04023.eml
0,TR_04024.eml
0,TR_04025.eml
1,TR_04026.eml
1,TR_04027.eml
0,TR_04028.eml
0,TR_04029.eml
1,TR_04030.eml
1,TR_04031.eml
0,TR_04032.eml
0,TR_04033.eml
1,TR_04034.eml
1,TR_04035.eml
0,TR_04036.eml
0,TR_04037.eml
1,TR_04038.eml
1,TR_04039.eml
1,TR_04040.eml
0,TR_04041.eml
1,TR_04042.eml
1,TR_04043.eml
1,TR_04044.eml
0,TR_04045.eml
1,TR_04046.eml
1,TR_04047.eml
0,TR_04048.eml
1,TR_04049.eml
1,TR_04050.eml
0,TR_04051.eml
0,TR_04052.eml
1,TR_04053.eml
0,TR_04054.eml
0,TR_04055.eml
1,TR_04056.eml
0,TR_04057.eml
1,TR_04058.eml
0,TR_04059.eml
1,TR_04060.eml
1,TR_04061.eml
1,TR_04062.eml
1,TR_04063.eml
0,TR_04064.eml
1,TR_04065.eml
1,TR_04066.eml
0,TR_04067.eml
1,TR_04068.eml
0,TR_04069.eml
1,TR_04070.eml
1,TR_04071.eml
1,TR_04072.eml
1,TR_04073.eml
1,TR_04074.eml
0,TR_04075.eml
1,TR_04076.eml
1,TR_04077.eml
0,TR_04078.eml
1,TR_04079.eml
1,TR_04080.eml
1,TR_04081.eml
1,TR_04082.eml
0,TR_04083.eml
1,TR_04084.eml
1,TR_04085.eml
0,TR_04086.eml
1,TR_04087.eml
0,TR_04088.eml
0,TR_04089.eml
1,TR_04090.eml
0,TR_04091.eml
0,TR_04092.eml
1,TR_04093.eml
1,TR_04094.eml
1,TR_04095.eml
0,TR_04096.eml
0,TR_04097.eml
1,TR_04098.eml
1,TR_04099.eml
1,TR_04100.eml
0,TR_04101.eml
0,TR_04102.eml
1,TR_04103.eml
0,TR_04104.eml
1,TR_04105.eml
1,TR_04106.eml
0,TR_04107.eml
1,TR_04108.eml
0,TR_04109.eml
1,TR_04110.eml
1,TR_04111.eml
0,TR_04112.eml
1,TR_04113.eml
0,TR_04114.eml
1,TR_04115.eml
0,TR_04116.eml
1,TR_04117.eml
1,TR_04118.eml
0,TR_04119.eml
1,TR_04120.eml
1,TR_04121.eml
0,TR_04122.eml
0,TR_04123.eml
1,TR_04124.eml
1,TR_04125.eml
0,TR_04126.eml
1,TR_04127.eml
1,TR_04128.eml
0,TR_04129.eml
1,TR_04130.eml
0,TR_04131.eml
0,TR_04132.eml
0,TR_04133.eml
1,TR_04134.eml
1,TR_04135.eml
0,TR_04136.eml
0,TR_04137.eml
1,TR_04138.eml
1,TR_04139.eml
1,TR_04140.eml
1,TR_04141.eml
0,TR_04142.eml
1,TR_04143.eml
0,TR_04144.eml
1,TR_04145.eml
1,TR_04146.eml
0,TR_04147.eml
0,TR_04148.eml
1,TR_04149.eml
1,TR_04150.eml
1,TR_04151.eml
0,TR_04152.eml
0,TR_04153.eml
1,TR_04154.eml
1,TR_04155.eml
1,TR_04156.eml
0,TR_04157.eml
1,TR_04158.eml
1,TR_04159.eml
1,TR_04160.eml
1,TR_04161.eml
0,TR_04162.eml
0,TR_04163.eml
1,TR_04164.eml
1,TR_04165.eml
1,TR_04166.eml
1,TR_04167.eml
0,TR_04168.eml
1,TR_04169.eml
1,TR_04170.eml
1,TR_04171.eml
1,TR_04172.eml
1,TR_04173.eml
1,TR_04174.eml
0,TR_04175.eml
0,TR_04176.eml
1,TR_04177.eml
0,TR_04178.eml
1,TR_04179.eml
1,TR_04180.eml
1,TR_04181.eml
0,TR_04182.eml
1,TR_04183.eml
0,TR_04184.eml
0,TR_04185.eml
1,TR_04186.eml
1,TR_04187.eml
1,TR_04188.eml
1,TR_04189.eml
1,TR_04190.eml
0,TR_04191.eml
1,TR_04192.eml
0,TR_04193.eml
1,TR_04194.eml
1,TR_04195.eml
1,TR_04196.eml
1,TR_04197.eml
1,TR_04198.eml
1,TR_04199.eml
0,TR_04200.eml
1,TR_04201.eml
0,TR_04202.eml
1,TR_04203.eml
1,TR_04204.eml
1,TR_04205.eml
1,TR_04206.eml
0,TR_04207.eml
1,TR_04208.eml
0,TR_04209.eml
1,TR_04210.eml
1,TR_04211.eml
1,TR_04212.eml
1,TR_04213.eml
1,TR_04214.eml
0,TR_04215.eml
0,TR_04216.eml
1,TR_04217.eml
1,TR_04218.eml
1,TR_04219.eml
0,TR_04220.eml
0,TR_04221.eml
1,TR_04222.eml
1,TR_04223.eml
1,TR_04224.eml
0,TR_04225.eml
1,TR_04226.eml
1,TR_04227.eml
1,TR_04228.eml
1,TR_04229.eml
1,TR_04230.eml
1,TR_04231.eml
0,TR_04232.eml
1,TR_04233.eml
0,TR_04234.eml
1,TR_04235.eml
1,TR_04236.eml
0,TR_04237.eml
1,TR_04238.eml
0,TR_04239.eml
1,TR_04240.eml
1,TR_04241.eml
0,TR_04242.eml
1,TR_04243.eml
1,TR_04244.eml
1,TR_04245.eml
1,TR_04246.eml
1,TR_04247.eml
1,TR_04248.eml
1,TR_04249.eml
1,TR_04250.eml
0,TR_04251.eml
1,TR_04252.eml
1,TR_04253.eml
1,TR_04254.eml
1,TR_04255.eml
1,TR_04256.eml
0,TR_04257.eml
0,TR_04258.eml
0,TR_04259.eml
0,TR_04260.eml
0,TR_04261.eml
0,TR_04262.eml
1,TR_04263.eml
1,TR_04264.eml
1,TR_04265.eml
1,TR_04266.eml
1,TR_04267.eml
0,TR_04268.eml
1,TR_04269.eml
1,TR_04270.eml
1,TR_04271.eml
1,TR_04272.eml
1,TR_04273.eml
1,TR_04274.eml
1,TR_04275.eml
1,TR_04276.eml
1,TR_04277.eml
1,TR_04278.eml
1,TR_04279.eml
1,TR_04280.eml
1,TR_04281.eml
1,TR_04282.eml
0,TR_04283.eml
0,TR_04284.eml
1,TR_04285.eml
1,TR_04286.eml
1,TR_04287.eml
1,TR_04288.eml
0,TR_04289.eml
0,TR_04290.eml
1,TR_04291.eml
1,TR_04292.eml
0,TR_04293.eml
0,TR_04294.eml
1,TR_04295.eml
0,TR_04296.eml
0,TR_04297.eml
1,TR_04298.eml
1,TR_04299.eml
0,TR_04300.eml
1,TR_04301.eml
1,TR_04302.eml
1,TR_04303.eml
1,TR_04304.eml
0,TR_04305.eml
1,TR_04306.eml
1,TR_04307.eml
1,TR_04308.eml
1,TR_04309.eml
1,TR_04310.eml
1,TR_04311.eml
1,TR_04312.eml
0,TR_04313.eml
0,TR_04314.eml
0,TR_04315.eml
1,TR_04316.eml
0,TR_04317.eml
0,TR_04318.eml
1,TR_04319.eml
1,TR_04320.eml
1,TR_04321.eml
0,TR_04322.eml
1,TR_04323.eml
1,TR_04324.eml
0,TR_04325.eml
0,TR_04326.eml
